"ITEM CODE","ITEM NAME",PRICE,RACK,USER,QTY,DATE/TIME,DEPT,GROUP,SUB-GROUP
02387,"PICCADILLY GEM BISCUITS 250G  15",15.99,T,MANOJ,50,"16-JUN-26 05.18.12.755000 PM",SUPERMARKET,"FOOD CUPBOARD",BISCUITS
00362,"ZWAN BEEF LUNCHEON MEAT 200G 12",36.99,T,MANOJ,30,"16-JUN-26 05.23.42.015000 PM",SUPERMARKET,"FOOD CUPBOARD","CANNED FOOD"
00363,"ZWAN CHICKEN LUNCHEON MEAT 200G 12",37.99,25,DEEPAK,14,"16-JUN-26 05.03.27.260000 PM",SUPERMARKET,"FOOD CUPBOARD","CANNED FOOD"
00940,"OLD ADMIRAL BRANDY 750ML 12",63.99,100,SUKHEN,14,"16-JUN-26 05.35.37.169000 PM",SUPERMARKET,"BEVERAGES ALCOHOLIC",LIQUER
00940,"OLD ADMIRAL BRANDY 750ML 12",63.99,100,SUKHEN,46,"16-JUN-26 05.35.06.289000 PM",SUPERMARKET,"BEVERAGES ALCOHOLIC",LIQUER
02865,"VOLTPLUS UNIVERSAL ADAPTOR W/ BS PLUG VP-UAG134",79,12,COLLINS,2,"16-JUN-26 05.14.27.335000 PM","ELECTRICAL APPLIANCES",ELECTRICALS,"ELE ACCESSORIES"
03076,"WEETABIX CEREAL ORIGINAL 450G 14",89.99,GH,FH,15,"16-JUN-26 05.35.27.823000 PM",SUPERMARKET,"FOOD CUPBOARD","BREAKFAST CEREALS"
04949,"EVERPACK SPOON PLASTIC 100PCS X 30PKTS  30",20.99,12,COLLINS,3,"16-JUN-26 05.30.11.612000 PM",SUPERMARKET,"HOME AND PERSONAL CARE",DISPOSABLE
05112,"INDOMIE SUPER PACK ONION CHICKEN 120G 44",8.29,25,DEEPAK,65,"16-JUN-26 05.02.07.148000 PM",SUPERMARKET,"FOOD CUPBOARD","NOODLES AND SOUP"
04142,"SHINE FACIAL TISSUE  200PK  10",17.49,T,MANOJ,1,"16-JUN-26 05.05.04.700000 PM",SUPERMARKET,"HOME AND PERSONAL CARE",DISPOSABLE
04199,"VASELINE MEN COOLING BODY LOTION 400ML 48",49.99,T,MANOJ,58,"16-JUN-26 04.52.13.914000 PM",SUPERMARKET,"HOME AND PERSONAL CARE","SKIN CARE"
07013,"YAZZ WASHING POWDER 500G 12",18.99,2,ADMIN,23,"17-JUN-26 02.57.46.702000 PM",SUPERMARKET,"HOME AND PERSONAL CARE","LAUNDRY CARE"
07013,"YAZZ WASHING POWDER 500G 12",18.99,6,AKORFA,8,"16-JUN-26 04.45.02.684000 PM",SUPERMARKET,"HOME AND PERSONAL CARE","LAUNDRY CARE"
07014,"YAZZ WASHING POWDER 1KG 10",39.99,6,AKORFA,1,"16-JUN-26 04.45.28.175000 PM",SUPERMARKET,"HOME AND PERSONAL CARE","LAUNDRY CARE"
07979,"PEAK MILK POWDER TIN  400G 24",109.99,GH,FH,15,"16-JUN-26 05.35.04.465000 PM",SUPERMARKET,"FOOD CUPBOARD","MILK AND CREAMERS"
07979,"PEAK MILK POWDER TIN  400G 24",109.99,T,MANOJ,8,"16-JUN-26 05.29.46.904000 PM",SUPERMARKET,"FOOD CUPBOARD","MILK AND CREAMERS"
07979,"PEAK MILK POWDER TIN  400G 24",109.99,12,COLLINS,12,"16-JUN-26 04.47.02.291000 PM",SUPERMARKET,"FOOD CUPBOARD","MILK AND CREAMERS"
09915,"POMO TOMATO PASTE 2.2KG 6",69.99,25,DEEPAK,52,"16-JUN-26 05.02.20.923000 PM",SUPERMARKET,"FOOD CUPBOARD",CONDIMENTS
100030,"NANA-S RICE LONG GRAIN RICE 5% BROKENNESS 1KG 20",32.99,25,DEEPAK,50,"16-JUN-26 05.01.29.927000 PM",SUPERMARKET,"FOOD CUPBOARD","RAW RICE"
100246,"BEDSHEET SET QUEENSIZE 125GSM 3PCS QBS-76",159,GH,FH,4,"16-JUN-26 04.54.45.050000 PM","HOME DECOR & TEXTILES","BED SHEET","QUEEN SIZE BEDSHEET"
100246,"BEDSHEET SET QUEENSIZE 125GSM 3PCS QBS-76",159,6,AKORFA,9,"16-JUN-26 04.49.07.296000 PM","HOME DECOR & TEXTILES","BED SHEET","QUEEN SIZE BEDSHEET"
100505,"LONG MOUNTAIN NATURAL SWEET WHITE WINE 750ML 6",65.99,100,SUKHEN,25,"16-JUN-26 05.34.08.653000 PM",SUPERMARKET,"BEVERAGES ALCOHOLIC",WINES
101017,"CURTAIN POLYESTER 52X84"" W/HANGER ZGB097",199,GH,FH,6,"16-JUN-26 05.31.38.083000 PM","HOME DECOR & TEXTILES",CURTAINS,"GROMMET CURTAINS"
101017,"CURTAIN POLYESTER 52X84"" W/HANGER ZGB097",199,6,AKORFA,7,"16-JUN-26 04.49.13.903000 PM","HOME DECOR & TEXTILES",CURTAINS,"GROMMET CURTAINS"
101060,"N0 8 SPICY RINGS CHIPS 20G 60",1.69,T,MANOJ,10,"16-JUN-26 05.20.40.573000 PM",SUPERMARKET,"FOOD CUPBOARD",SNACKS
101064,"N0 8 CORN CONES CHIPS 20G 60",1.69,T,MANOJ,10,"16-JUN-26 05.20.50.177000 PM",SUPERMARKET,"FOOD CUPBOARD",SNACKS
101901,"MATA GREEN PEAS IN BRINE E/O 400G  24",15.99,6,AKORFA,38,"16-JUN-26 05.36.08.562000 PM",SUPERMARKET,"FOOD CUPBOARD","CANNED FOOD"
101901,"MATA GREEN PEAS IN BRINE E/O 400G  24",15.99,25,DEEPAK,21,"16-JUN-26 05.03.42.281000 PM",SUPERMARKET,"FOOD CUPBOARD","CANNED FOOD"
101901,"MATA GREEN PEAS IN BRINE E/O 400G  24",15.99,25,DEEPAK,25,"16-JUN-26 05.03.35.388000 PM",SUPERMARKET,"FOOD CUPBOARD","CANNED FOOD"
101951,"CONTAINER RECTANGULAR SET OF 7PCS PLASTIC 5667-7",59,6,AKORFA,6,"16-JUN-26 04.54.39.337000 PM","HOUSEWARE & KITCHENWARE","STORAGE AND ORGANIZER","STORAGE CONTAINERS"
102192,"PLATINUM SUNFLOWER OIL 900ML  15",44.99,25,DEEPAK,52,"16-JUN-26 05.00.57.342000 PM",SUPERMARKET,"FOOD CUPBOARD","EDIBLE OILS AND GHEE"
102866,"KIDS LUNCH BOX MONKEY FACE PLASTIC L-00615",19.9,6,AKORFA,1,"16-JUN-26 05.33.51.656000 PM","HOUSEWARE & KITCHENWARE","STORAGE AND ORGANIZER","LUNCH BOXES TIFFINS AND FOOD FLASK"
102516,"MOMEASY MEDICINE DISPENSER W/PLASTIC CASE 46072",36.9,6,AKORFA,2,"16-JUN-26 04.47.25.724000 PM","TOYS AND ENTERTAINMENT",INFANTS,"BABY GENERAL CARE"
102981,"BABYMED POMADE 250ML  48",25.99,GH,FH,25,"16-JUN-26 05.35.59.283000 PM",SUPERMARKET,"HOME AND PERSONAL CARE","INFANT AND BABY CARE"
102981,"BABYMED POMADE 250ML  48",25.99,T,MANOJ,3,"16-JUN-26 04.54.40.437000 PM",SUPERMARKET,"HOME AND PERSONAL CARE","INFANT AND BABY CARE"
103055,"DAY BY DAY LOTION GRENADINE 500ML  24",24.29,T,MANOJ,58,"16-JUN-26 04.51.13.746000 PM",SUPERMARKET,"HOME AND PERSONAL CARE","SKIN CARE"
103064,"DAY BY DAY MEN LOTION 200ML  36",11.99,T,MANOJ,11,"16-JUN-26 04.53.18.862000 PM",SUPERMARKET,"HOME AND PERSONAL CARE","SKIN CARE"
103066,"DAY BY DAY LOTION MEN SPORT 500ML  24",25.99,T,MANOJ,618,"16-JUN-26 04.51.00.306000 PM",SUPERMARKET,"HOME AND PERSONAL CARE","SKIN CARE"
103113,"KLEANZ BODY WASH VANILLA 750ML  20",31.49,5,DAVID,30,"16-JUN-26 05.29.10.002000 PM",SUPERMARKET,"HOME AND PERSONAL CARE","PERSONAL WASH"
103128,"PRINCESS CARO PAA CREAM 260G  4",22.49,T,MANOJ,4,"16-JUN-26 04.54.00.087000 PM",SUPERMARKET,"HOME AND PERSONAL CARE","SKIN CARE"
104363,"NESTLE CERELAC WHEAT WITH MILK 300G  12",31.99,T,MANOJ,10,"16-JUN-26 05.28.50.431000 PM",SUPERMARKET,"FOOD CUPBOARD","BREAKFAST CEREALS"
104363,"NESTLE CERELAC WHEAT WITH MILK 300G  12",31.99,6,AKORFA,5,"16-JUN-26 04.55.35.022000 PM",SUPERMARKET,"FOOD CUPBOARD","BREAKFAST CEREALS"
103987,"EVERPACK ICE CREAM SPOON (30PKTX100PCS)  30",16.99,12,COLLINS,33,"16-JUN-26 05.30.34.939000 PM",SUPERMARKET,"HOME AND PERSONAL CARE",DISPOSABLE
103889,"BLING DISINFECTANT GARDENIA 5L  4",57.99,12,COLLINS,4,"16-JUN-26 05.01.35.799000 PM",SUPERMARKET,"HOME AND PERSONAL CARE","HOUSEHOLD CLEANERS"
104963,"ROMAR FAB SOFTENER CONC HIP ROSE 2000ML  6",84.99,T,MANOJ,2,"16-JUN-26 05.01.52.012000 PM",SUPERMARKET,"HOME AND PERSONAL CARE","LAUNDRY CARE"
104978,"ROMAR SOFTENER CONC. RELAX 2L  6",81.99,T,MANOJ,1,"16-JUN-26 05.01.29.995000 PM",SUPERMARKET,"HOME AND PERSONAL CARE","LAUNDRY CARE"
105801,"DILMAH JASMIN GREEN TEA 20TB 30G 12",23.99,GH,FH,25,"16-JUN-26 05.34.21.496000 PM",SUPERMARKET,BEVERAGES,TEA
105645,"DEEP PLATE 8INCHES PLASTIC AB3 SSPD YWU",4.9,6,AKORFA,5,"16-JUN-26 05.35.24.675000 PM","HOUSEWARE & KITCHENWARE",SERVEWARE,"SERVING TRAYS"
105969,"MUTLU SPAGHETTI 400G 20",9.49,12,COLLINS,22,"16-JUN-26 04.55.08.531000 PM",SUPERMARKET,"FOOD CUPBOARD","PASTA AND SPAGHETTI"
106024,"SAMSUNG LED TV 32"" SAT SMART UA32T5300",3689,5,DAVID,8,"16-JUN-26 05.17.10.929000 PM","ELECTRONICS & TELECOM","LED TV","SMART TV"
106024,"SAMSUNG LED TV 32"" SAT SMART UA32T5300",3689,GH,FH,1,"16-JUN-26 05.00.41.574000 PM","ELECTRONICS & TELECOM","LED TV","SMART TV"
106182,"VOLTPLUS MULTI ADAPTOR VP-DFA5",29,GH,FH,25,"16-JUN-26 05.17.32.797000 PM","ELECTRICAL APPLIANCES",ELECTRICALS,"ELE ACCESSORIES"
106182,"VOLTPLUS MULTI ADAPTOR VP-DFA5",29,GH,FH,5,"16-JUN-26 05.13.28.731000 PM","ELECTRICAL APPLIANCES",ELECTRICALS,"ELE ACCESSORIES"
106551,"MIDEA LED BULB A 9W E27 COOL MDL-BUA6009W-6500K",8.25,5,DAVID,800489,"16-JUN-26 05.01.47.976000 PM","ELECTRICAL APPLIANCES","LIGHT BULBS","LED BULB"
107021,"CT+ SHOWER GEL 800ML 12",47.99,5,DAVID,36,"16-JUN-26 05.29.19.067000 PM",SUPERMARKET,"HOME AND PERSONAL CARE","PERSONAL WASH"
107210,"DZIRE BLUETOOTH SPEAKER W/USB/FM/TF CARD PS-396",119,12,COLLINS,16,"16-JUN-26 05.14.01.821000 PM","ELECTRONICS & TELECOM",AUDIO,"PORTABLE/BT SPEAKER"
107210,"DZIRE BLUETOOTH SPEAKER W/USB/FM/TF CARD PS-396",119,6,AKORFA,9,"16-JUN-26 05.13.20.603000 PM","ELECTRONICS & TELECOM",AUDIO,"PORTABLE/BT SPEAKER"
106819,"SHINE PAPER PLATES ROUND 14CM  (25PCS)  40",15.99,100,SUKHEN,27,"16-JUN-26 05.33.26.439000 PM",SUPERMARKET,"HOME AND PERSONAL CARE",DISPOSABLE
106820,"SHINE PAPER PLATES SQAURE 14CM  (25PCS)  40",15.99,12,COLLINS,8,"16-JUN-26 05.29.56.664000 PM",SUPERMARKET,"HOME AND PERSONAL CARE",DISPOSABLE
108134,"CURTAIN 52X84  W/8GROMMET J2020825",139,6,AKORFA,8,"16-JUN-26 04.58.34.279000 PM","HOME DECOR & TEXTILES",CURTAINS,"GROMMET CURTAINS"
118595,"PALMOLIVE SHOWER GEL COCONUT MILK 500ML  12",41.99,5,DAVID,25,"16-JUN-26 05.29.25.083000 PM",SUPERMARKET,"HOME AND PERSONAL CARE","PERSONAL WASH"
115154,"CHATEAUX SANGRIA FORTE 500ML 24",19.99,100,SUKHEN,21,"16-JUN-26 05.34.48.393000 PM",SUPERMARKET,"BEVERAGES ALCOHOLIC",WINES
115169,"VOLTPLUS EXTENSION SOCKET 4W2M SW+USB VP-EC4W2MMSU",189,6,AKORFA,41,"16-JUN-26 05.19.35.681000 PM","ELECTRICAL APPLIANCES",ELECTRICALS,"EXTENSION CORD"
117646,"SOAP CASE PLASTIC UR-3144",6.9,GH,FH,3,"16-JUN-26 05.31.44.302000 PM","HOUSEWARE & KITCHENWARE",BATHROOM,"SOAP DISH CASE DISPENSERS"
117646,"SOAP CASE PLASTIC UR-3144",6.9,6,AKORFA,5,"16-JUN-26 04.49.48.504000 PM","HOUSEWARE & KITCHENWARE",BATHROOM,"SOAP DISH CASE DISPENSERS"
118147,"DOUBLE MATTRESS BED BATH 54""*75"" ASHFOAM",1729,5,DAVID,8,"16-JUN-26 05.16.25.497000 PM",FURNITURE,MATTRESS,"Double Size"
118147,"DOUBLE MATTRESS BED BATH 54""*75"" ASHFOAM",1729,GH,FH,4,"16-JUN-26 05.15.06.159000 PM",FURNITURE,MATTRESS,"Double Size"
118147,"DOUBLE MATTRESS BED BATH 54""*75"" ASHFOAM",1729,12,COLLINS,8,"16-JUN-26 05.03.55.818000 PM",FURNITURE,MATTRESS,"Double Size"
115645,"AKAI JUICER 1.2L 350W SS/BLACK JC006A-619",649,5,DAVID,8,"16-JUN-26 05.17.55.309000 PM","ELECTRICAL APPLIANCES",JUICER,"CENTRIFUGAL JUICER"
114184,"SKYFALLS DISPENSING MINERAL WATER 17L 1",39.99,12,COLLINS,4,"16-JUN-26 05.19.35.288000 PM",SUPERMARKET,BEVERAGES,"MINERAL WATER"
109289,"MORNING FRESH DISHWASH ORIGINAL 1000ML  12",49.99,T,MANOJ,10,"16-JUN-26 05.35.41.004000 PM",SUPERMARKET,"HOME AND PERSONAL CARE","HOUSEHOLD CLEANERS"
114371,"SHINE CRYSTAL TEASPOONS (50PCS)  50",7.99,12,COLLINS,22,"16-JUN-26 05.30.20.024000 PM",SUPERMARKET,"HOME AND PERSONAL CARE",DISPOSABLE
114529,"SERVING BOWL MELAMINE 8 INCHES ZHN C6138",14.9,6,AKORFA,5,"16-JUN-26 04.54.05.431000 PM","HOUSEWARE & KITCHENWARE","MELAMINE WARE","MEL BOWL/BOWL+COVER"
114593,"CONTAINER SET WLOCK 3X1200ML PLASTIC BG-617",34.9,6,AKORFA,3,"16-JUN-26 04.54.50.977000 PM","HOUSEWARE & KITCHENWARE","STORAGE AND ORGANIZER","STORAGE CONTAINERS"
113210,"BROOM WHANDLE BLUE PLASTIC BT168215",29.9,6,AKORFA,7,"16-JUN-26 04.47.59.862000 PM","HOUSEWARE & KITCHENWARE","HOME HYGIENE","BROOM BRUSHES DUSTPANS"
113211,"BROOM WHANDLE SOFT BRISTLE PLASTIC 1002/E",42.9,12,COLLINS,22,"16-JUN-26 05.33.40.053000 PM","HOUSEWARE & KITCHENWARE","HOME HYGIENE","BROOM BRUSHES DUSTPANS"
113211,"BROOM WHANDLE SOFT BRISTLE PLASTIC 1002/E",42.9,5,DAVID,248947,"16-JUN-26 04.57.30.492000 PM","HOUSEWARE & KITCHENWARE","HOME HYGIENE","BROOM BRUSHES DUSTPANS"
113215,"BROOM W/HANDLE BLUE PINK PLASTIC 1692E",42.9,GH,FH,9,"16-JUN-26 04.55.09.355000 PM","HOUSEWARE & KITCHENWARE","HOME HYGIENE","BROOM BRUSHES DUSTPANS"
109878,"NUMBER WRITING BOOK 1-100",24.99,6,AKORFA,6,"16-JUN-26 04.51.40.895000 PM",STATIONERY,"CHILDREN BOOKS AND GEN REF","BOOKS AND LEARNINGS"
110145,"BOWL 3000ML PLASTIC ELITE-4 P 556",14.9,6,AKORFA,35,"16-JUN-26 04.54.28.811000 PM","HOUSEWARE & KITCHENWARE",DINNERWARE,BOWLS
113787,"MCBERRY LONDON OATS DIGESTIVE 80G 36",6.29,12,COLLINS,4,"16-JUN-26 05.25.58.805000 PM",SUPERMARKET,"FOOD CUPBOARD",BISCUITS
108983,"FESTIVA  EVAPORATED MILK 170G 48",7.49,GH,FH,15,"16-JUN-26 05.34.54.853000 PM",SUPERMARKET,"FOOD CUPBOARD","MILK AND CREAMERS"
108983,"FESTIVA  EVAPORATED MILK 170G 48",7.49,12,COLLINS,12,"16-JUN-26 04.47.51.044000 PM",SUPERMARKET,"FOOD CUPBOARD","MILK AND CREAMERS"
112343,"OCEAN FRIDGE DD 216L SILVER OC 272 TZS A+",5979,12,COLLINS,2,"16-JUN-26 05.15.02.492000 PM","ELECTRICAL APPLIANCES",REFRIGERATOR,"DD TMF REFRIGERATOR"
124424,"APPLE GOLDEN DELICIOUS  KG",44.99,5,DAVID,2.5,"16-JUN-26 05.35.16.625000 PM",SUPERMARKET,"FRUITS- IMPORT",Fruits
122722,"KELLOGGS CORNFLAKES 300G  10 NGR",47.99,GH,FH,3,"16-JUN-26 05.32.44.437000 PM",SUPERMARKET,"FOOD CUPBOARD","BREAKFAST CEREALS"
122722,"KELLOGGS CORNFLAKES 300G  10 NGR",47.99,25,DEEPAK,23,"16-JUN-26 05.05.48.556000 PM",SUPERMARKET,"FOOD CUPBOARD","BREAKFAST CEREALS"
122732,"UNIMAX TRIO BALLPEN BLACK 1.0MM FBTIOBK29",3.99,GH,FH,100,"16-JUN-26 05.26.37.842000 PM",STATIONERY,"GENERAL STATIONERY","   WRITING SUPPLIES"
122795,"BATHROOM CORNER SHELF 3 LAYER PLASTIC UR-3077",59,6,AKORFA,3,"16-JUN-26 04.53.12.647000 PM","HOUSEWARE & KITCHENWARE",BATHROOM,"BATHROOM SHELF RACKS HOLDERS"
124141,"SCOURER METALLIC PAREX 3PCS SET 2107568",29.9,6,AKORFA,5,"16-JUN-26 05.31.20.314000 PM","HOUSEWARE & KITCHENWARE","HOME HYGIENE","SPONGE SCRUBBERS AND SCOURERS"
125259,"SAIRO FAMILY SHOWER  GEL OLIVE 750ML  12",29.99,5,DAVID,50,"16-JUN-26 05.29.02.828000 PM",SUPERMARKET,"HOME AND PERSONAL CARE","PERSONAL WASH"
125262,"ROMAR FABRIC SOFTENER CONC. FLORA 2L  6",81.99,T,MANOJ,1,"16-JUN-26 05.01.40.894000 PM",SUPERMARKET,"HOME AND PERSONAL CARE","LAUNDRY CARE"
122226,"AIRPRO AIRREFRSHENER GEL  PEACH PUNCH 128G  24",24.49,12,COLLINS,7,"16-JUN-26 05.18.21.957000 PM",SUPERMARKET,"HOME AND PERSONAL CARE",FRESHENERS
122226,"AIRPRO AIRREFRSHENER GEL  PEACH PUNCH 128G  24",24.49,GH,FH,20,"16-JUN-26 05.14.00.122000 PM",SUPERMARKET,"HOME AND PERSONAL CARE",FRESHENERS
122226,"AIRPRO AIRREFRSHENER GEL  PEACH PUNCH 128G  24",24.49,6,AKORFA,38,"16-JUN-26 05.12.22.324000 PM",SUPERMARKET,"HOME AND PERSONAL CARE",FRESHENERS
122286,"TOOTHPICK W/PLASTIC CASE",2.9,Upload_U,uploaded_excel,68,"17-JUN-26 04.45.02.708000 PM","HOUSEWARE & KITCHENWARE","HOUSE HOLD PRODUCTS","HOUSE HOLD"
122286,"TOOTHPICK W/PLASTIC CASE",2.9,Upload_U,uploaded_excel,68,"17-JUN-26 04.37.46.576000 PM","HOUSEWARE & KITCHENWARE","HOUSE HOLD PRODUCTS","HOUSE HOLD"
122286,"TOOTHPICK W/PLASTIC CASE",2.9,Upload_U,uploaded_excel,34,"17-JUN-26 04.29.26.834000 PM","HOUSEWARE & KITCHENWARE","HOUSE HOLD PRODUCTS","HOUSE HOLD"
122286,"TOOTHPICK W/PLASTIC CASE",2.9,12,COLLINS,3,"16-JUN-26 05.30.54.773000 PM","HOUSEWARE & KITCHENWARE","HOUSE HOLD PRODUCTS","HOUSE HOLD"
119267,"DOMS PENCIL SET 12PCS FUSION X-TRA SUPER DARK 7675",28.9,6,AKORFA,2,"16-JUN-26 04.51.30.175000 PM",STATIONERY,"GENERAL STATIONERY","   WRITING SUPPLIES"
121778,"KOTEX PANTY LINERS NORMAL 35 SHEETS  12",55.99,5,DAVID,8,"16-JUN-26 04.47.42.102000 PM",SUPERMARKET,"HOME AND PERSONAL CARE","FEMININE CARE"
121825,"CLOTHES PEG SET 12PCS RAPID",9.9,6,AKORFA,5,"16-JUN-26 04.49.24.526000 PM","HOUSEWARE & KITCHENWARE",LAUNDARY,"CLOTH PEGS / CLIP"
119594,"FARAGELLO GOLD MANGO NECTAR GLASS BOTTLE 250ML  24",11.99,6,AKORFA,58,"16-JUN-26 04.56.28.546000 PM",SUPERMARKET,BEVERAGES,JUICE
120807,"JAMAA DETERGENT 420G  12",12.99,GH,FH,4,"16-JUN-26 04.56.18.060000 PM",SUPERMARKET,"HOME AND PERSONAL CARE","LAUNDRY CARE"
119658,"KIVO GOOD TIME NON DAIRY CREAMER 250G  25+1",19.99,T,MANOJ,3,"16-JUN-26 05.33.59.368000 PM",SUPERMARKET,"FOOD CUPBOARD","DRINKING POWDER"
119658,"KIVO GOOD TIME NON DAIRY CREAMER 250G  25+1",19.99,12,COLLINS,11,"16-JUN-26 04.53.13.094000 PM",SUPERMARKET,"FOOD CUPBOARD","DRINKING POWDER"
119658,"KIVO GOOD TIME NON DAIRY CREAMER 250G  25+1",19.99,12,COLLINS,8,"16-JUN-26 04.51.39.942000 PM",SUPERMARKET,"FOOD CUPBOARD","DRINKING POWDER"
119666,"KELLOGGS CORNFLAKES 45G  100",6.49,GH,FH,15,"16-JUN-26 05.33.10.021000 PM",SUPERMARKET,"FOOD CUPBOARD","BREAKFAST CEREALS"
120165,"EVEREADY BATTERY AAA RED BP4",11,6,AKORFA,6,"16-JUN-26 05.21.29.123000 PM","ELECTRICAL APPLIANCES",BATTERIES,BATTERY
131068,"SAIRO ROLL ON ANTI-WHITE MARKS 50ML  12",22.99,GH,FH,12,"16-JUN-26 05.25.41.409000 PM",SUPERMARKET,"HOME AND PERSONAL CARE",FRAGRANCES
131068,"SAIRO ROLL ON ANTI-WHITE MARKS 50ML  12",22.99,12,COLLINS,12,"16-JUN-26 05.19.56.504000 PM",SUPERMARKET,"HOME AND PERSONAL CARE",FRAGRANCES
131128,"SPONGE MULTI-PURPOSE ESFRELUX 4PCS 001.0765",2.9,GH,FH,10,"16-JUN-26 05.30.35.003000 PM","HOUSEWARE & KITCHENWARE","HOME HYGIENE","SPONGE SCRUBBERS AND SCOURERS"
129611,"OPENER ANIMAL DESIGN YWU",4.9,5,DAVID,2,"16-JUN-26 05.24.17.994000 PM","HOUSEWARE & KITCHENWARE","CUTLERY ITEMS",OPENERS
129612,"OPENER CHEF DESIGN YWU",4.9,6,AKORFA,62,"16-JUN-26 05.22.43.169000 PM","HOUSEWARE & KITCHENWARE","CUTLERY ITEMS",OPENERS
131340,"MEASURING SPOON WICE SCOOP 10PCS SET PLASTIC YWU",14.9,6,AKORFA,5,"16-JUN-26 05.35.06.698000 PM","HOUSEWARE & KITCHENWARE",BAKEWARE,"BAKING TOOLS AND ACCESSORIES"
132415,"CUSHION 45X45CM SK210125",34.9,5,DAVID,0,"16-JUN-26 04.58.22.099000 PM","HOME DECOR & TEXTILES","COVERS CUSHION/PILLOW/CHAIR",CUSHION
131522,"GOODYS SPICY HOT SHITO  800G 12",149.99,25,DEEPAK,52,"16-JUN-26 05.02.42.091000 PM",SUPERMARKET,"FOOD CUPBOARD",CONDIMENTS
131547,"YOGA STRAWBERRY WITH WHEAT YOGHURT 330ML 1",19.99,5,DAVID,0,"16-JUN-26 05.21.17.627000 PM",SUPERMARKET,"FRESH DAIRY AND EGGS",Yoghurt
131547,"YOGA STRAWBERRY WITH WHEAT YOGHURT 330ML 1",19.99,5,DAVID,5,"16-JUN-26 05.21.08.004000 PM",SUPERMARKET,"FRESH DAIRY AND EGGS",Yoghurt
130793,"TOREN LEMON DEEP FLAV CRISPY WAF 55G 144",6.29,6,AKORFA,92,"16-JUN-26 05.24.18.868000 PM",SUPERMARKET,"FOOD CUPBOARD",BISCUITS
130793,"TOREN LEMON DEEP FLAV CRISPY WAF 55G 144",6.29,T,MANOJ,10,"16-JUN-26 05.18.57.123000 PM",SUPERMARKET,"FOOD CUPBOARD",BISCUITS
133028,"CHOPPING BOARD 28X38X18CM BAMBOO YWU",69,100,SUKHEN,21,"16-JUN-26 05.33.18.254000 PM","HOUSEWARE & KITCHENWARE","KNIFE AND CHOPPING BOARD","CHOPPING BOARDS AND CHOPPERS"
133028,"CHOPPING BOARD 28X38X18CM BAMBOO YWU",69,100,SUKHEN,35,"16-JUN-26 05.33.14.885000 PM","HOUSEWARE & KITCHENWARE","KNIFE AND CHOPPING BOARD","CHOPPING BOARDS AND CHOPPERS"
133028,"CHOPPING BOARD 28X38X18CM BAMBOO YWU",69,12,COLLINS,14,"16-JUN-26 05.32.09.769000 PM","HOUSEWARE & KITCHENWARE","KNIFE AND CHOPPING BOARD","CHOPPING BOARDS AND CHOPPERS"
133028,"CHOPPING BOARD 28X38X18CM BAMBOO YWU",69,T,MANOJ,20,"16-JUN-26 05.25.16.140000 PM","HOUSEWARE & KITCHENWARE","KNIFE AND CHOPPING BOARD","CHOPPING BOARDS AND CHOPPERS"
133028,"CHOPPING BOARD 28X38X18CM BAMBOO YWU",69,T,MANOJ,1,"16-JUN-26 05.11.27.274000 PM","HOUSEWARE & KITCHENWARE","KNIFE AND CHOPPING BOARD","CHOPPING BOARDS AND CHOPPERS"
133054,"NUTZY PEANUT CRISPY SNACK 280G 12",31.99,T,MANOJ,6,"16-JUN-26 05.22.35.629000 PM",SUPERMARKET,"FOOD CUPBOARD","SPREADS AND TOPPING"
126012,"STRAWBERRIES  250G ( IMPORT)",119.99,5,DAVID,39,"16-JUN-26 05.34.54.648000 PM",SUPERMARKET,"FRUITS- IMPORT",Fruits
127067,"AKAI STEAM IRON 2200W CERAMIC EI049A-281",299,6,AKORFA,6,"16-JUN-26 05.01.02.296000 PM","ELECTRICAL APPLIANCES","LINEN CARE","STEAM IRONS"
128552,"LAUNDRY BASKET COLLAPSIBLE A202203 RK",29.9,12,COLLINS,13,"16-JUN-26 05.35.23.413000 PM","HOUSEWARE & KITCHENWARE",LAUNDARY,"LAUNDARY BASKET"
128553,"LAUNDRY BASKET COLLAPSIBLE A202205 RK",39.9,12,COLLINS,3,"16-JUN-26 05.34.57.166000 PM","HOUSEWARE & KITCHENWARE",LAUNDARY,"LAUNDARY BASKET"
129391,"PLATE FOOTBALL DESIGN DISPOSABLE 10PCS SET 18CM",6,12,COLLINS,1,"16-JUN-26 05.29.49.831000 PM","TOYS AND ENTERTAINMENT","PARTY SUPPLIES",DISPOSABLES
129578,"BOWL EMBOSSED AVIOS 7 DB107 RJK",12.9,6,AKORFA,91,"16-JUN-26 05.29.38.850000 PM","HOUSEWARE & KITCHENWARE",DINNERWARE,BOWLS
125287,"AIRPRO AEROSOL LAVENDER  300ML  24",28.99,6,AKORFA,9,"16-JUN-26 04.46.22.445000 PM",SUPERMARKET,"HOME AND PERSONAL CARE",FRESHENERS
126209,"AIRPRO  AIRFRESHENER GEL  LAVENDER 128G  24",24.49,5,DAVID,2,"16-JUN-26 05.23.09.503000 PM",SUPERMARKET,"HOME AND PERSONAL CARE",FRESHENERS
128776,"TEXTLIGHTER 12YRS+ LUXOR 2PCS 4011/2BC",13.9,GH,FH,12,"16-JUN-26 05.30.54.619000 PM",STATIONERY,"GENERAL STATIONERY","   WRITING SUPPLIES"
125359,"ROMAR FABRIC SOFTENER TALC 750ML  15",36.99,T,MANOJ,30,"16-JUN-26 05.00.48.650000 PM",SUPERMARKET,"HOME AND PERSONAL CARE","LAUNDRY CARE"
128827,"TASTY TOM JOLLOF MIX 1.1KG  12",47.49,25,DEEPAK,13,"16-JUN-26 05.02.32.097000 PM",SUPERMARKET,"FOOD CUPBOARD","SPREADS AND TOPPING"
127749,"PAPER BOX CAKE HEIGHTEN 10 30X30X34CM YWU",44.9,25,DEEPAK,50,"16-JUN-26 04.57.13.274000 PM","HOUSEWARE & KITCHENWARE",BAKEWARE,MOULDS
128946,"SCISSORS OFP0155 129149",14.9,GH,FH,12,"16-JUN-26 05.31.15.701000 PM",STATIONERY,"OFFICE STATIONERY","OFFICE BASIC AND STATIONERY"
138594,"HAYHAY  BOXES CARAMEL ( 24 X 8 ) 30G 192",5.19,6,AKORFA,24,"16-JUN-26 05.24.08.148000 PM",SUPERMARKET,"FOOD CUPBOARD",BISCUITS
13865,"ALWAYS NORMALVALUE PACK ULTRA THIN LONG 16PADS  8",44.99,T,MANOJ,1,"16-JUN-26 05.02.39.299000 PM",SUPERMARKET,"HOME AND PERSONAL CARE","FEMININE CARE"
138815,"BALL PEN PROXIMA 25PC JAR BLACK DOMS 8658",28.9,GH,FH,3,"16-JUN-26 05.31.57.854000 PM",STATIONERY,"GENERAL STATIONERY","   WRITING SUPPLIES"
141371,"WINE BUCKET W/SHAKER SET 5PCS 500ML 52058",99,12,COLLINS,1,"16-JUN-26 05.32.36.352000 PM","HOUSEWARE & KITCHENWARE",KITCHENWARE,"BAR TOOLS AND ACCESSORIES"
141409,"SALT&PEPPER SHAKER SET 5.2X7CM 56052",19.9,12,COLLINS,9,"16-JUN-26 05.29.34.450000 PM","HOUSEWARE & KITCHENWARE",KITCHENWARE,"SALT AND PEPPER/CRUETS"
139331,"BINATONE STANDING FAN 18"" A1810",1009,12,COLLINS,7,"16-JUN-26 05.17.24.272000 PM","ELECTRICAL APPLIANCES",FAN,"STANDING FAN"
139331,"BINATONE STANDING FAN 18"" A1810",1009,12,COLLINS,2,"16-JUN-26 05.03.27.583000 PM","ELECTRICAL APPLIANCES",FAN,"STANDING FAN"
141775,"JAGERMEISTER 500ML 6",239.99,25,DEEPAK,21,"16-JUN-26 05.24.41.974000 PM",SUPERMARKET,"BEVERAGES ALCOHOLIC",BITTERS
139701,"MCBERRY PURE DELIGHT VANILLA CAKE SLICES 27G 144",2.99,T,MANOJ,20,"16-JUN-26 05.20.04.181000 PM",SUPERMARKET,"FOOD CUPBOARD",SNACKS
139760,"MUG 330ML CERAMIC WSILVER LINE YWU",14.9,6,AKORFA,9,"16-JUN-26 05.33.00.571000 PM","HOUSEWARE & KITCHENWARE",DINNERWARE,MUGS
140569,"MEANNAN PLANTAIN CHIPS & PEANUTS 100G  12",12.49,GH,FH,12,"16-JUN-26 05.14.24.291000 PM",SUPERMARKET,"FOOD CUPBOARD",SNACKS
137269,"TOREN -TOREN WAFERS BOURBONVANILLA DEEP FCW 55G144",6.29,T,MANOJ,30,"16-JUN-26 05.18.36.413000 PM",SUPERMARKET,"FOOD CUPBOARD",CONFECTIONERY
137271,"TORENTOREN WAFERS STRAWBERRY D FLAVOUR CW 55G 144",6.29,T,MANOJ,10,"16-JUN-26 05.19.20.666000 PM",SUPERMARKET,"FOOD CUPBOARD",CONFECTIONERY
137272,"TOREN-TOREN WAFERS HAZELNUT D FLAVOUR C W 55G 144",6.29,T,MANOJ,20,"16-JUN-26 05.18.51.478000 PM",SUPERMARKET,"FOOD CUPBOARD",CONFECTIONERY
137273,"TOREN-TOREN WAFERS COCOA CREAM D FLAVOUR CW 55G144",6.29,T,MANOJ,10,"16-JUN-26 05.18.26.006000 PM",SUPERMARKET,"FOOD CUPBOARD",CONFECTIONERY
13476,"LELE THAI RICE 5KG 5",210.99,25,DEEPAK,25,"16-JUN-26 05.01.20.542000 PM",SUPERMARKET,"FOOD CUPBOARD","RAW RICE"
137493,"BUMBLE BABY WET WIPES 120 PCS LA BELLA  12",31.99,T,MANOJ,5,"16-JUN-26 05.04.36.423000 PM",SUPERMARKET,"HOME AND PERSONAL CARE","INFANT AND BABY CARE"
137493,"BUMBLE BABY WET WIPES 120 PCS LA BELLA  12",31.99,5,DAVID,5,"16-JUN-26 04.47.13.428000 PM",SUPERMARKET,"HOME AND PERSONAL CARE","INFANT AND BABY CARE"
137496,"BUMBLE BABY WET WIPES ROSE DREAM 120PCS   12",31.99,T,MANOJ,10,"16-JUN-26 05.02.53.673000 PM",SUPERMARKET,"HOME AND PERSONAL CARE","INFANT AND BABY CARE"
137497,"BUMBLE BABY WET WIPES BABY SCENTED 72PCS   12",22.99,T,MANOJ,1,"16-JUN-26 05.03.26.366000 PM",SUPERMARKET,"HOME AND PERSONAL CARE","INFANT AND BABY CARE"
133980,"BACKPACK PVC 29CM KL11492",49,6,AKORFA,5,"16-JUN-26 04.50.11.848000 PM",STATIONERY,"SCHOOL AND CHILDREN STATIONERY",BACKPACKS
136091,"KIRKLAND PREMIUM TOWEL 12 ROLLS  12",61.99,T,MANOJ,1,"16-JUN-26 05.08.57.855000 PM",SUPERMARKET,"HOME AND PERSONAL CARE",DISPOSABLE
134319,"PRIVATE MAXI POCKET SUPER 9 X 12",15.49,T,MANOJ,1,"16-JUN-26 05.02.32.743000 PM",SUPERMARKET,"HOME AND PERSONAL CARE","FEMININE CARE"
134388,"MCBERRY FRENCH DONUTS 35G  144",2.49,GH,FH,20,"16-JUN-26 05.23.13.016000 PM",SUPERMARKET,"FOOD CUPBOARD",SNACKS
135328,"MADAR POWDER BUCKET 1KG 6",52.99,GH,FH,7,"16-JUN-26 04.59.54.234000 PM",SUPERMARKET,"HOME AND PERSONAL CARE","LAUNDRY CARE"
149011,"MCBERRY MILK CREAM POUND CAKE 30G  144",2.29,T,MANOJ,50,"16-JUN-26 05.19.49.749000 PM",SUPERMARKET,"FOOD CUPBOARD",SNACKS
14811,"DEVA DISWASHING LIQUID LEMON 700ML 24 10404",25.99,T,MANOJ,20,"16-JUN-26 05.35.26.775000 PM",SUPERMARKET,"HOME AND PERSONAL CARE","HOUSEHOLD CLEANERS"
14811,"DEVA DISWASHING LIQUID LEMON 700ML 24 10404",25.99,100,SUKHEN,21,"16-JUN-26 04.50.36.530000 PM",SUPERMARKET,"HOME AND PERSONAL CARE","HOUSEHOLD CLEANERS"
14821,"DEVA SOFTENER FLORAL 1000ML 12 10501",43.49,T,MANOJ,8,"16-JUN-26 05.02.17.006000 PM",SUPERMARKET,"HOME AND PERSONAL CARE","HOUSEHOLD CLEANERS"
14822,"DEVA SOFTENER LAVENDER 1000ML 12 10502",43.99,T,MANOJ,1,"16-JUN-26 05.02.06.496000 PM",SUPERMARKET,"HOME AND PERSONAL CARE","LAUNDRY CARE"
148382,"LAUNDRY BASKET WSHELF SET IRON 2TIER F10013 RJK",399,12,COLLINS,1,"16-JUN-26 05.00.50.741000 PM","HOUSEWARE & KITCHENWARE",LAUNDARY,"LAUNDARY BASKET"
148384,"SHOPPING BASKET HANDY IRONWOOD F10293 RJK",129,GH,FH,7,"16-JUN-26 04.55.18.344000 PM","HOUSEWARE & KITCHENWARE","STORAGE AND ORGANIZER",BASKET
148385,"SHOPPING BASKET HANDY IRONWOOD ROUND F10626 RJK",69,6,AKORFA,3,"16-JUN-26 04.46.59.798000 PM","HOUSEWARE & KITCHENWARE","STORAGE AND ORGANIZER",BASKET
148388,"PLACE MAT W/TAG ROUND MIX COLOR 6PCS",99,6,AKORFA,6,"16-JUN-26 04.49.33.122000 PM","HOME DECOR & TEXTILES","DISH CLOTHS AND NAPKINS","ASSORTED ITEMS"
148557,"VASE MIX COLOR 20X13CM",35.9,6,AKORFA,5,"16-JUN-26 05.35.00.426000 PM","HOME DECOR & TEXTILES","HOME DECOR",DECORATIVE
148569,"WATER BOTTLE 1000ML PLASTIC CHARACTER KIDS BTS YWU",89,GH,FH,15,"16-JUN-26 05.28.38.102000 PM","HOUSEWARE & KITCHENWARE","FLASK AND BOTTLES",BOTTLE
148797,"CAKE TOPPER HAPPY BIRTHDAY GOLD MIX DESIGN",4.9,6,AKORFA,2,"16-JUN-26 04.51.04.964000 PM","TOYS AND ENTERTAINMENT","PARTY SUPPLIES","CELEBRATION DECOR AND ACCESSORIES"
148804,"SHOE AND HAT RACK 4LAYER METAL YWU",179,6,AKORFA,3,"16-JUN-26 04.59.37.705000 PM","HOUSEWARE & KITCHENWARE",LAUNDARY,"SHOE RACKS"
148804,"SHOE AND HAT RACK 4LAYER METAL YWU",179,GH,FH,5,"16-JUN-26 04.54.23.769000 PM","HOUSEWARE & KITCHENWARE",LAUNDARY,"SHOE RACKS"
148809,"CLOTHES HANGER 2LAYER MULTIPURPOSE METAL YWU",199,5,DAVID,123,"16-JUN-26 05.05.15.444000 PM","HOUSEWARE & KITCHENWARE",LAUNDARY,"CLOTH HANGERS"
149663,"DZIRE FRIDGE SD 89L SILVER REF-SD-1113A",1799,12,COLLINS,1,"16-JUN-26 05.04.09.379000 PM","ELECTRICAL APPLIANCES",REFRIGERATOR,"SD REFRIGERATOR"
148849,"CUP CAKE STAND 5TIER GOLDSILVER YWU",14.9,5,DAVID,58,"16-JUN-26 05.06.59.217000 PM","HOUSEWARE & KITCHENWARE",BAKEWARE,"BAKING TOOLS AND ACCESSORIES"
146900,"VOLTIC NATURAL MINERAL WATER PREMIUM PET 750ML 12",7.19,GH,FH,6,"16-JUN-26 05.23.36.339000 PM",SUPERMARKET,BEVERAGES,"MINERAL WATER"
147161,"PLATINUM SUNFLOWER OIL 1.8L X 6",99.99,25,DEEPAK,54,"16-JUN-26 05.01.05.084000 PM",SUPERMARKET,"FOOD CUPBOARD","EDIBLE OILS AND GHEE"
147161,"PLATINUM SUNFLOWER OIL 1.8L X 6",99.99,GH,FH,-50000,"16-JUN-26 04.58.23.871000 PM",SUPERMARKET,"FOOD CUPBOARD","EDIBLE OILS AND GHEE"
145809,"BELPAK CLASSIC T- ROLL 10 ROLLS    6",36.99,5,DAVID,5,"16-JUN-26 04.56.17.277000 PM",SUPERMARKET,"HOME AND PERSONAL CARE",DISPOSABLE
145813,"BELPAK DISPENSER KITCHEN TOWEL (NON PERFORATED)  6",41.99,5,DAVID,160330,"16-JUN-26 04.51.13.448000 PM",SUPERMARKET,"HOME AND PERSONAL CARE",DISPOSABLE
145813,"BELPAK DISPENSER KITCHEN TOWEL (NON PERFORATED)  6",41.99,5,DAVID,9,"16-JUN-26 04.48.47.610000 PM",SUPERMARKET,"HOME AND PERSONAL CARE",DISPOSABLE
14283,"CAMEL ZESTY LIME FRESH LIQUID 125ML 48",16.99,1,KYEI,3,"16-JUN-26 04.49.49.203000 PM",SUPERMARKET,"HOME AND PERSONAL CARE","HEALTH AND WELLNESS"
14283,"CAMEL ZESTY LIME FRESH LIQUID 125ML 48",16.99,1,KYEI,30,"16-JUN-26 04.47.42.338000 PM",SUPERMARKET,"HOME AND PERSONAL CARE","HEALTH AND WELLNESS"
144786,"KNIFE DINNER 6PCS SET SIGMA",9.9,12,COLLINS,5,"16-JUN-26 05.28.51.312000 PM","HOUSEWARE & KITCHENWARE","CUTLERY ITEMS","SPOONS FORKS KNIFE AND CUTLERY SET"
143274,"CHOPPING BOARD WOODEN LARGE 14X19  CHB-4",179,100,SUKHEN,21,"16-JUN-26 05.33.06.915000 PM","HOUSEWARE & KITCHENWARE","KNIFE AND CHOPPING BOARD","CHOPPING BOARDS AND CHOPPERS"
146646,"BEL-AQUA MINERAL WATER 4L JAR 1",11.49,GH,FH,15,"16-JUN-26 05.08.58.050000 PM",SUPERMARKET,BEVERAGES,"MINERAL WATER"
157421,"FILLED CUSHION PRINTED 40X40CM ASSORTED MYQ9-1811",69,12,COLLINS,2,"16-JUN-26 05.34.48.331000 PM","HOME DECOR & TEXTILES","COVERS CUSHION/PILLOW/CHAIR",CUSHION
155865,"SPRAY BOTTLE OIL 245CC C-00518",26.9,6,AKORFA,5,"16-JUN-26 05.29.23.845000 PM","HOUSEWARE & KITCHENWARE","FLASK AND BOTTLES",BOTTLE
154755,"WATER FUN ANIMAL SILICONE MKR186713",59,6,AKORFA,7,"16-JUN-26 04.52.43.480000 PM","TOYS AND ENTERTAINMENT","ROLE PLAY AND PRETEND TOYS","ANIMAL TOYS"
156577,"ARTIFICIAL FLOWER",95,GH,FH,2,"16-JUN-26 05.21.23.461000 PM","HOME DECOR & TEXTILES","HOME DECOR",DECORATIVE
156577,"ARTIFICIAL FLOWER",95,6,AKORFA,1,"16-JUN-26 05.13.46.350000 PM","HOME DECOR & TEXTILES","HOME DECOR",DECORATIVE
156626,"TOOTH PICK 300PCS BAMBOO YWU",5.9,12,COLLINS,3,"16-JUN-26 05.31.09.225000 PM","HOUSEWARE & KITCHENWARE","HOUSE HOLD PRODUCTS","HOUSE HOLD"
156650,"KIDS TUMBLER WLID AND STRAW 450ML PLASTIC T002 YWU",59,6,AKORFA,3,"16-JUN-26 04.47.14.820000 PM","HOUSEWARE & KITCHENWARE","FLASK AND BOTTLES","CUPS AND TUMBLERS"
156676,"BATH SCRUBBER COTTON AND LINEN YWU",16.9,GH,FH,65,"16-JUN-26 04.51.56.088000 PM","HOUSEWARE & KITCHENWARE",BATHROOM,"BATH BRUSH SPONGES SCOURERS"
155211,"MSTA SHARPENER NO.7 (X07-3)(1X48) 134099",5.9,GH,FH,6,"16-JUN-26 05.31.09.186000 PM",STATIONERY,"OFFICE STATIONERY","OFFICE BASIC AND STATIONERY"
155422,"GAS LIGHTER MYQ9-1821",19,6,AKORFA,8,"16-JUN-26 05.12.50.736000 PM","GAS COOKER & ACCESSORIES","GAS COOKER","GAS REGULATOR AND ACCESSORIES"
155544,"HOOK APPLE 3 X SET OF 2 PLASTIC BG-257",9.9,12,COLLINS,13,"16-JUN-26 05.35.43.441000 PM","HOUSEWARE & KITCHENWARE",LAUNDARY,HOOKS
152683,"DINING SET 1+4 DARK GREY EMMA DTGJ-C240/DCGJ-834",2090,12,COLLINS,2,"16-JUN-26 05.17.45.140000 PM",FURNITURE,"DINING SETS","4 SEATER SET"
152684,"DINING SET 1+4 MAMAROX DTGJ-C223/DCGJ-A216",2790,12,COLLINS,1,"16-JUN-26 05.17.53.959000 PM",FURNITURE,"DINING SETS","4 SEATER SET"
153246,"DINING SET 1+4 D01150L",1849,5,DAVID,5,"16-JUN-26 05.13.51.038000 PM",FURNITURE,"DINING SETS","4 SEATER SET"
153246,"DINING SET 1+4 D01150L",1849,12,COLLINS,2,"16-JUN-26 05.02.52.027000 PM",FURNITURE,"DINING SETS","4 SEATER SET"
150689,"AKAI WATER PUMP 1.5HP  WP001A-090",799,6,AKORFA,1,"16-JUN-26 05.20.00.394000 PM","ELECTRICAL APPLIANCES","WATER PUMPS","CENTRIFUGAL WP"
164715,"IRONING BOARD 241",479,12,COLLINS,5,"16-JUN-26 05.01.16.496000 PM","HOUSEWARE & KITCHENWARE",LAUNDARY,"IRONING BOARD WITH STORAGE"
164715,"IRONING BOARD 241",479,100,SUKHEN,3,"16-JUN-26 04.51.00.299000 PM","HOUSEWARE & KITCHENWARE",LAUNDARY,"IRONING BOARD WITH STORAGE"
162677,"DINNER PLATE MELAMINE 10 INCHES FEILU 102101",12.9,6,AKORFA,52,"16-JUN-26 05.35.32.258000 PM","HOUSEWARE & KITCHENWARE","MELAMINE WARE","MEL PLATE"
164027,"JOLLY BASKET -SMALL  PLASTIC 50360",9.9,6,AKORFA,9,"16-JUN-26 05.34.46.506000 PM","HOUSEWARE & KITCHENWARE","STORAGE AND ORGANIZER",BASKET
164043,"VACCUM FLASK 1200ML PLASTIC 161713-590",69,6,AKORFA,9,"16-JUN-26 05.33.44.952000 PM","HOUSEWARE & KITCHENWARE","FLASK AND BOTTLES",FLASK
162267,"DZIRE MOSQUITO SWATTER W/UV LAMP MRL-I388",129,GH,FH,12,"16-JUN-26 05.13.15.702000 PM","ELECTRICAL APPLIANCES",ELECTRICALS,"ELE ACCESSORIES"
162389,"X NATURAL MINERAL WATER 750ML 15",2.39,6,AKORFA,2,"16-JUN-26 04.56.19.654000 PM",SUPERMARKET,BEVERAGES,"MINERAL WATER"
164314,"COFFEE AND TEA PRESS 500ML PLASTIC AP-9481",19.9,6,AKORFA,6,"16-JUN-26 04.55.00.965000 PM","HOUSEWARE & KITCHENWARE",DINNERWARE,"TEA AND COFFEE SETS"
162530,"INDOMIE BELLE FULL CHICKEN INSTANT NOODLES 280G 18",16.49,25,DEEPAK,23,"16-JUN-26 05.01.56.892000 PM",SUPERMARKET,"FOOD CUPBOARD","PASTA AND SPAGHETTI"
162530,"INDOMIE BELLE FULL CHICKEN INSTANT NOODLES 280G 18",16.49,12,COLLINS,19,"16-JUN-26 04.56.13.795000 PM",SUPERMARKET,"FOOD CUPBOARD","PASTA AND SPAGHETTI"
164615,"KITCHEN ORGAZINER RACK METAL 128",59,25,DEEPAK,25,"16-JUN-26 04.57.23.147000 PM","HOUSEWARE & KITCHENWARE","STORAGE AND ORGANIZER","RACK SHELF DRAWERS ORGANIZERS"
161836,"MCBERRY LAYERS CHOCOLATE COATED CAKE 30G  144",2.29,T,MANOJ,60,"16-JUN-26 05.19.40.344000 PM",SUPERMARKET,"FOOD CUPBOARD",SNACKS
159854,"STICKY NOTE (100X5) 500SHEET ASSORTED COL 76X76MM",22.9,5,DAVID,100,"16-JUN-26 05.24.32.796000 PM",STATIONERY,"OFFICE STATIONERY","OFFICE BASIC AND STATIONERY"
159855,"PAPER NOTE WITH CONTAINER (100X5)500SHEETS 76X76MM",16.9,5,DAVID,6,"16-JUN-26 05.24.26.837000 PM",STATIONERY,"OFFICE STATIONERY","OFFICE BASIC AND STATIONERY"
161919,"JAR W/RING LID LARGE 1000ML GLASS C-00116",22.9,6,AKORFA,1,"16-JUN-26 05.29.06.166000 PM","HOUSEWARE & KITCHENWARE",SERVEWARE,"SERVING JUGS"
162014,"DOOR MAT COIR TUFF 16MM ASSORTED 40X70CM",99,6,AKORFA,7,"16-JUN-26 05.00.05.130000 PM","HOME DECOR & TEXTILES","FLOOR MATS","DOOR MAT"
159062,"TOILET BRUSH PP M1600 RJK",39.9,5,DAVID,5,"16-JUN-26 04.57.44.247000 PM","HOUSEWARE & KITCHENWARE","HOME HYGIENE","TOILET BRUSHES"
159062,"TOILET BRUSH PP M1600 RJK",39.9,100,SUKHEN,1,"16-JUN-26 04.51.53.934000 PM","HOUSEWARE & KITCHENWARE","HOME HYGIENE","TOILET BRUSHES"
158495,"X NATURAL MINERAL WATER 500ML 16",2.09,5,DAVID,8,"16-JUN-26 05.21.41.042000 PM",SUPERMARKET,BEVERAGES,"MINERAL WATER"
158512,"FESTIVAL FROM CUVEE 0% CHOCOLATE WINE DRINK 750ML",49.99,100,SUKHEN,2,"16-JUN-26 04.54.11.595000 PM",SUPERMARKET,"BEVERAGES ALCOHOLIC",WINES
158513,"FESTIVAL FROM CUVEE 0% VANILLA WINE DRINK 750ML 6",50.99,100,SUKHEN,21,"16-JUN-26 05.33.51.799000 PM",SUPERMARKET,"BEVERAGES ALCOHOLIC",WINES
161583,"DZIRE CEILING FAN 56"" SMOKE BROWN CF 56 B-DEC POLO",419,GH,FH,1,"16-JUN-26 05.17.08.512000 PM","ELECTRICAL APPLIANCES",FAN,"CEILING FAN"
161583,"DZIRE CEILING FAN 56"" SMOKE BROWN CF 56 B-DEC POLO",419,100,SUKHEN,1,"16-JUN-26 05.01.03.567000 PM","ELECTRICAL APPLIANCES",FAN,"CEILING FAN"
161699,"MRS BECTORS DIGESTIVE SUGAR FREE 250GM 12",20.99,5,DAVID,-6000,"16-JUN-26 05.22.25.776000 PM",SUPERMARKET,"FOOD CUPBOARD",BISCUITS
171351,"BELPAK FACIAL TISSUE BOX  36",10.99,33,EKD,2,"16-JUN-26 04.46.25.242000 PM",SUPERMARKET,"HOME AND PERSONAL CARE",DISPOSABLE
172968,"ARIEL HIGH STUD SPRING 1KG  12",74.99,T,MANOJ,5,"16-JUN-26 05.01.22.661000 PM",SUPERMARKET,"HOME AND PERSONAL CARE","LAUNDRY CARE"
172969,"ARIEL HIGH STUD DOWNY 1KG  12",79.99,T,MANOJ,5,"16-JUN-26 05.01.00.291000 PM",SUPERMARKET,"HOME AND PERSONAL CARE","LAUNDRY CARE"
170028,"AKAI FUFU MAKER 6L SS MG004A-6LS",759,12,COLLINS,2,"16-JUN-26 05.16.00.689000 PM","ELECTRICAL APPLIANCES","HAND BLENDER/MIXER/CHOPPER",CHOPPER
169246,"BROOM WSTICK ROMA GBB24",34.9,5,DAVID,63,"16-JUN-26 05.10.22.447000 PM","HOUSEWARE & KITCHENWARE","HOME HYGIENE","BROOM BRUSHES DUSTPANS"
169248,"BROOM WSTICK IDEAL GBB175",24.9,12,COLLINS,12,"16-JUN-26 05.33.50.608000 PM","HOUSEWARE & KITCHENWARE","HOME HYGIENE","BROOM BRUSHES DUSTPANS"
172100,"SKYVEST LED TV 43"" SATELLITE 43S ORV",3049,5,DAVID,6,"16-JUN-26 05.13.37.369000 PM","ELECTRONICS & TELECOM","LED TV","SATELLITE TV"
172100,"SKYVEST LED TV 43"" SATELLITE 43S ORV",3049,100,SUKHEN,3,"16-JUN-26 05.00.34.804000 PM","ELECTRONICS & TELECOM","LED TV","SATELLITE TV"
168856,"BREAD KNIFE 75 CPQT018BR RJK",16.9,6,AKORFA,51,"16-JUN-26 04.53.35.872000 PM","HOUSEWARE & KITCHENWARE","KNIFE AND CHOPPING BOARD","SINGLE KNIFE"
168857,"CARVING KNIFE 725 CPQT018CR RJK",16.9,GH,FH,7,"16-JUN-26 04.52.56.733000 PM","HOUSEWARE & KITCHENWARE","KNIFE AND CHOPPING BOARD","SINGLE KNIFE"
168858,"CHEF KNIFE 75 S2510 RJK",16.9,GH,FH,13,"16-JUN-26 05.30.24.091000 PM","HOUSEWARE & KITCHENWARE","KNIFE AND CHOPPING BOARD","SINGLE KNIFE"
169811,"AKAI AIR COOLER 12L AC063A-19R",1399,6,AKORFA,1,"16-JUN-26 05.15.27.211000 PM","ELECTRICAL APPLIANCES","AIR CONDITIONING","AIR COOLERS"
172967,"ARIEL HIGH STUD LAVENDER 1KG  12",79.99,T,MANOJ,6,"16-JUN-26 05.01.08.263000 PM",SUPERMARKET,"HOME AND PERSONAL CARE","LAUNDRY CARE"
167657,"MUG 350 ML CERAMIC DESINGER YWU",4.9,6,AKORFA,4,"16-JUN-26 05.32.55.995000 PM","HOUSEWARE & KITCHENWARE",DINNERWARE,MUGS
168044,"KASA VINO RED WINE 250ML 24",9.99,6,AKORFA,1,"16-JUN-26 05.22.01.331000 PM",SUPERMARKET,"BEVERAGES ALCOHOLIC",WINES
166379,"COLANDER WSIDE HANDLES 25.5CM SSTEEL XY-2313",32.9,6,AKORFA,17,"16-JUN-26 04.53.51.610000 PM","HOUSEWARE & KITCHENWARE","KITCHEN TOOLS AND CULTARY",COLANDERS
167246,"TWISCO ENERGY FOOD DRINK SACHET 400G  12",38.99,12,COLLINS,5,"16-JUN-26 04.54.06.996000 PM",SUPERMARKET,BEVERAGES,"DRINKING POWDERS"
167246,"TWISCO ENERGY FOOD DRINK SACHET 400G  12",38.99,12,COLLINS,8,"16-JUN-26 04.49.06.263000 PM",SUPERMARKET,BEVERAGES,"DRINKING POWDERS"
168208,"AKAI CHEST FREEZER SD 100L CF045AC-100W",3089,GH,FH,1,"16-JUN-26 05.16.29.289000 PM","ELECTRICAL APPLIANCES",FREEZER,"SINGLE DOOR FREEZER"
168208,"AKAI CHEST FREEZER SD 100L CF045AC-100W",3089,GH,FH,1,"16-JUN-26 05.03.21.996000 PM","ELECTRICAL APPLIANCES",FREEZER,"SINGLE DOOR FREEZER"
167336,"NASCO GAS COOKER 5B 2SHELVESTAND WHT NASGS-K5BW-S",799,6,AKORFA,1,"16-JUN-26 05.17.01.795000 PM","GAS COOKER & ACCESSORIES","GAS COOKER","FREE STANDING GAS COOKER"
165636,"NESTLE CARNATION TEA CREAMER 370G  24",23.99,GH,FH,12,"16-JUN-26 04.57.26.276000 PM",SUPERMARKET,"FOOD CUPBOARD","MILK AND CREAMERS"
167358,"GOMETS YOGHURT ASSORT. JELLY ROLLS 12X30 32G",3.49,6,AKORFA,25,"16-JUN-26 05.22.10.017000 PM",SUPERMARKET,"FOOD CUPBOARD",CONFECTIONERY
167398,"MUG 11OZ GDM11 RJK",4.9,6,AKORFA,5,"16-JUN-26 05.32.51.097000 PM","HOUSEWARE & KITCHENWARE",DINNERWARE,MUGS
165732,"CELLO TAPE PLAIN 48MIC 4.5CMX160M",17.9,6,AKORFA,18,"16-JUN-26 04.52.17.243000 PM",STATIONERY,"PACKAGING AND MAILING","   TAPES AND DISPENSERS"
167502,"BEVERAGE DISPENSER  WLIDBASE 6L 97004W RJK",239,6,AKORFA,6,"16-JUN-26 05.33.26.987000 PM","HOUSEWARE & KITCHENWARE",GLASSWARE,"DISPENSERS / DECANTER SETS"
16842,"NIVEA FEMALE ROLL-ON DRY 50MLX30 (81611)",37.99,25,DEEPAK,21,"16-JUN-26 05.24.54.530000 PM",SUPERMARKET,"HOME AND PERSONAL CARE",FRAGRANCES
178584,"MASON JAR WSTRAW 450ML GLASS FOOTBALL YWU",9.9,6,AKORFA,6,"16-JUN-26 05.29.16.707000 PM","HOUSEWARE & KITCHENWARE","FLASK AND BOTTLES","GLASS BOTTLE"
178592,"VACCUM MUG 1200ML SSTEEL STEN TYPE YWU",99,5,DAVID,2,"16-JUN-26 05.10.42.925000 PM","HOUSEWARE & KITCHENWARE",DINNERWARE,"METAL MUGS"
177900,"TOREN WAFERS BUBBLE GUM CREAM  55G  144",6.29,T,MANOJ,10,"16-JUN-26 05.19.06.395000 PM",SUPERMARKET,"FOOD CUPBOARD",BISCUITS
179510,"AKAI SOUND BAR W/SUBWOOFER 180W SB005A-013",1399,12,COLLINS,2,"16-JUN-26 05.25.23.879000 PM","ELECTRONICS & TELECOM",AUDIO,"SOUND BAR"
179510,"AKAI SOUND BAR W/SUBWOOFER 180W SB005A-013",1399,GH,FH,1,"16-JUN-26 05.17.56.430000 PM","ELECTRONICS & TELECOM",AUDIO,"SOUND BAR"
179577,"DIY HAIRBALL PICTURE CRAFT 22X22CM W/STAND ASST DE",29.9,GH,FH,5,"16-JUN-26 05.31.52.273000 PM",STATIONERY,"SCHOOL AND CHILDREN STATIONERY","ART AND HOBBY SETS"
178129,"PAPER DOILIES 20PCS 85 YWU",4.9,25,DEEPAK,52,"16-JUN-26 04.57.32.429000 PM","HOUSEWARE & KITCHENWARE",BAKEWARE,"BAKING TOOLS AND ACCESSORIES"
178219,"BATH SPONGE SET NYLON YWU",19.9,6,AKORFA,6,"16-JUN-26 04.50.58.358000 PM","HOUSEWARE & KITCHENWARE",BATHROOM,"BATH BRUSH SPONGES SCOURERS"
179178,"DIY PAINTED PLASTER  4PCS",32.9,GH,FH,6,"16-JUN-26 05.31.24.066000 PM","TOYS AND ENTERTAINMENT","ART CRAFTS AND HOBBY KITS","STAMPS  STICKERS AND MAGNETS"
178456,"BATH SCRUBBER COTTON AND LINEN YWU",19.9,GH,FH,12,"16-JUN-26 05.30.44.647000 PM","HOUSEWARE & KITCHENWARE","HOME HYGIENE","SPONGE SCRUBBERS AND SCOURERS"
178552,"FLORA ALUMINIUM FOIL 25FT  24",15.99,12,COLLINS,9,"16-JUN-26 05.29.42.405000 PM",SUPERMARKET,"HOME AND PERSONAL CARE",DISPOSABLE
184388,"CLOTHES HANGER 5PCS SET 41CM PLASTIC XZ3166 YWU",29.9,GH,FH,15,"16-JUN-26 04.54.56.817000 PM","HOUSEWARE & KITCHENWARE",LAUNDARY,"CLOTH HANGERS"
184388,"CLOTHES HANGER 5PCS SET 41CM PLASTIC XZ3166 YWU",29.9,6,AKORFA,4,"16-JUN-26 04.48.42.841000 PM","HOUSEWARE & KITCHENWARE",LAUNDARY,"CLOTH HANGERS"
18373,"PRINCESS COCOA BUTTER CREAM 260ML  4",25.49,T,MANOJ,6,"16-JUN-26 04.54.10.280000 PM",SUPERMARKET,"HOME AND PERSONAL CARE","SKIN CARE"
183264,"BEER MUG 4PCS SET 575ML HANNOVER PJ 14220 RJK",79,GH,FH,12,"16-JUN-26 05.32.07.732000 PM","HOUSEWARE & KITCHENWARE",GLASSWARE,"BEER MUGS AND BEER GLASS"
183264,"BEER MUG 4PCS SET 575ML HANNOVER PJ 14220 RJK",79,6,AKORFA,8,"16-JUN-26 05.30.19.523000 PM","HOUSEWARE & KITCHENWARE",GLASSWARE,"BEER MUGS AND BEER GLASS"
183268,"BEER GLASS 6PCS SET 390ML WILLY BW 4514 RJK",49.9,6,AKORFA,5,"16-JUN-26 05.30.00.860000 PM","HOUSEWARE & KITCHENWARE",GLASSWARE,"BEER MUGS AND BEER GLASS"
183303,"MEASURING JUG 250ML PLASTIC BG-670",9.9,12,COLLINS,8,"16-JUN-26 04.59.04.128000 PM","HOUSEWARE & KITCHENWARE",BAKEWARE,"BAKING TOOLS AND ACCESSORIES"
183350,"CLOTHES DRYING RACK SDK119035321",429,100,SUKHEN,1,"16-JUN-26 04.59.42.267000 PM","HOUSEWARE & KITCHENWARE",LAUNDARY,"CLOTH DRYER"
183437,"TUMBLER GLASS EMBOSSED 454ML 3PCS SET 3GS03 RJK",42.9,6,AKORFA,6,"16-JUN-26 05.30.10.542000 PM","HOUSEWARE & KITCHENWARE",GLASSWARE,"GLASS / TUMBLER /WINE / CHAMPAGNE"
184068,"COMFORT ROYAL MAGIC FABRIC CONDITIONER 20ML 30",21.49,GH,FH,28,"16-JUN-26 05.28.26.484000 PM",SUPERMARKET,"HOME AND PERSONAL CARE","LAUNDRY CARE"
184068,"COMFORT ROYAL MAGIC FABRIC CONDITIONER 20ML 30",21.49,6,AKORFA,9,"16-JUN-26 04.59.32.946000 PM",SUPERMARKET,"HOME AND PERSONAL CARE","LAUNDRY CARE"
184068,"COMFORT ROYAL MAGIC FABRIC CONDITIONER 20ML 30",21.49,T,MANOJ,200,"16-JUN-26 04.58.05.670000 PM",SUPERMARKET,"HOME AND PERSONAL CARE","LAUNDRY CARE"
184069,"COMFORT BLUE ULTRA  FABRIC CONDITIONER 20ML 30",21.49,T,MANOJ,200,"16-JUN-26 04.58.21.652000 PM",SUPERMARKET,"HOME AND PERSONAL CARE","LAUNDRY CARE"
184108,"CERAMIC MUG EMBOSSED 330ML EBCM2-330 RJK",9.9,6,AKORFA,6,"16-JUN-26 05.32.39.546000 PM","HOUSEWARE & KITCHENWARE",DINNERWARE,MUGS
183602,"CERAMIC BELL BOWL 425 24FDL132 RJK",14.9,6,AKORFA,64,"16-JUN-26 05.32.30.574000 PM","HOUSEWARE & KITCHENWARE",DINNERWARE,BOWLS
180215,"PRINCE PERFUME FOR HIM 50ML  6",12.99,GH,FH,2,"16-JUN-26 05.26.20.864000 PM",SUPERMARKET,"HOME AND PERSONAL CARE",FRAGRANCES
180215,"PRINCE PERFUME FOR HIM 50ML  6",12.99,12,COLLINS,3,"16-JUN-26 05.20.14.844000 PM",SUPERMARKET,"HOME AND PERSONAL CARE",FRAGRANCES
180218,"KLEANZ HAND SANITIZER 50ML (SPRAY)  46",7.29,5,DAVID,4,"16-JUN-26 05.26.00.534000 PM",SUPERMARKET,"HOME AND PERSONAL CARE","PERSONAL WASH"
180247,"BO-16 STYLING GEL (BLACK) 150G  6",11.59,T,MANOJ,11,"16-JUN-26 04.56.19.697000 PM",SUPERMARKET,"HOME AND PERSONAL CARE","HAIR CARE"
180250,"BO-16 HAIR MIST ASSORTED 125ML   6",42.99,T,MANOJ,7,"16-JUN-26 04.54.56.601000 PM",SUPERMARKET,"HOME AND PERSONAL CARE","HAIR CARE"
182225,"NASCO WASHING MACHINE TT 6KG NASTT-B60FL",1899,GH,FH,2,"16-JUN-26 05.02.39.009000 PM","ELECTRICAL APPLIANCES","WASHING MACHINE","TWIN TUB WM"
180324,"COCOA-CARE BODY LOTION S/S 265ML  6",17.99,T,MANOJ,5,"16-JUN-26 04.53.45.855000 PM",SUPERMARKET,"HOME AND PERSONAL CARE","SKIN CARE"
182385,"BBQ PORTABLE WCOOLER BAG",99,6,AKORFA,6,"16-JUN-26 04.53.24.411000 PM","HOUSEWARE & KITCHENWARE",KITCHENWARE,"BAR TOOLS AND ACCESSORIES"
179736,"AKAI RICE COOKER DELUXE 2.8L 900W CK026A-2.8LD",699,GH,FH,1,"16-JUN-26 05.16.01.417000 PM","ELECTRICAL APPLIANCES","RICE/ MULTI COOKER","DELUXE RICE COOKER"
181838,"DEEP PLATE STAINLESS STEEL 22CM LDS011",8.9,12,COLLINS,7,"16-JUN-26 05.31.48.156000 PM","HOUSEWARE & KITCHENWARE",DINNERWARE,PLATE
181844,"BANKU PAN WLID 20CM ALUMINUM LDS016",169,GH,FH,2,"16-JUN-26 04.52.37.984000 PM","HOUSEWARE & KITCHENWARE",COOKWARE,"POTS AND PAN"
190050,"BEER GLASS 450ML FOOTBALL YWU",14.9,6,AKORFA,29,"16-JUN-26 05.32.05.517000 PM","HOUSEWARE & KITCHENWARE",GLASSWARE,"BEER MUGS AND BEER GLASS"
190077,"DESKTOP FAN RECHARGABLE 3 IN 1",29,6,AKORFA,18,"16-JUN-26 05.18.16.518000 PM","ELECTRICAL APPLIANCES",FAN,"TABLE FAN"
188628,"COFFEE TABLE 50X60CM ASRTD",429,5,DAVID,9,"16-JUN-26 05.14.42.460000 PM",FURNITURE,"COFFEE / END / NESTING TABLES","COFFEE TABLES"
187418,"SAMSUNG LED TV 43"" SAT SMART UA43F6000",6739,5,DAVID,5,"16-JUN-26 05.00.28.633000 PM","ELECTRONICS & TELECOM","LED TV","SMART TV"
188859,"BATHMAT 50X80CM BM-244 IVORY CP",59,12,COLLINS,12,"16-JUN-26 05.34.11.516000 PM","HOME DECOR & TEXTILES","BATH AND LAUNDRY","BATH MATS"
18750,"NESTLE CERELAC BL MAIZE 50G 10X8",6.99,GH,FH,10,"16-JUN-26 05.33.03.709000 PM",SUPERMARKET,"FOOD CUPBOARD","BREAKFAST CEREALS"
189086,"RIBBON 5CM X 3YARDS",9.9,5,DAVID,5,"16-JUN-26 05.23.56.067000 PM","HOME DECOR & TEXTILES","XMAS SEASONAL","xmas season"
187171,"KNIFE SET 5PCS RJK ID-A823SA1002",99,100,SUKHEN,3,"16-JUN-26 04.52.24.675000 PM","HOUSEWARE & KITCHENWARE","KNIFE AND CHOPPING BOARD","KNIFE SETS"
185281,"COWBELL EVAPORATED FILLED MILK 100ML  24",8.69,5,DAVID,24,"16-JUN-26 05.23.28.014000 PM",SUPERMARKET,"FOOD CUPBOARD","MILK AND CREAMERS"
185281,"COWBELL EVAPORATED FILLED MILK 100ML  24",8.69,GH,FH,24,"16-JUN-26 05.18.52.943000 PM",SUPERMARKET,"FOOD CUPBOARD","MILK AND CREAMERS"
185281,"COWBELL EVAPORATED FILLED MILK 100ML  24",8.69,GH,FH,24,"16-JUN-26 05.18.35.891000 PM",SUPERMARKET,"FOOD CUPBOARD","MILK AND CREAMERS"
18459,"FOUR SPECIAL SWEET RED WINE 750ML 6",58.99,100,SUKHEN,14,"16-JUN-26 05.34.17.805000 PM",SUPERMARKET,"BEVERAGES ALCOHOLIC",WINES
186699,"RAINBOW CONTAINER 5PC SET ROUND PLASTIC RJK 2020-5",34.9,6,AKORFA,19,"16-JUN-26 05.35.14.549000 PM","HOUSEWARE & KITCHENWARE","STORAGE AND ORGANIZER","STORAGE CONTAINERS"
186703,"LUNCH SET 2PCS PLASTIC KIDS BTS RJK 1810A",42.9,6,AKORFA,7,"16-JUN-26 05.33.37.991000 PM","HOUSEWARE & KITCHENWARE","STORAGE AND ORGANIZER","LUNCH BOXES TIFFINS AND FOOD FLASK"
185364,"HAPPY FLAKES CUBE SUGAR 500G 24",18.99,GH,FH,2,"16-JUN-26 05.34.01.009000 PM",SUPERMARKET,"FOOD CUPBOARD","SALT  SUGAR AND JAGGERY"
184785,"WHISKEY GLASS 6PCS SET 340ML DSKB103-2A/2B",75,6,AKORFA,7,"16-JUN-26 05.31.51.844000 PM","HOUSEWARE & KITCHENWARE",GLASSWARE,"GLASS / TUMBLER /WINE / CHAMPAGNE"
186043,"GLASS JUG WCUP 7PCS SET 1800165ML 19167DDE RJK",149,6,AKORFA,5,"16-JUN-26 05.33.15.061000 PM","HOUSEWARE & KITCHENWARE","STORAGE AND ORGANIZER","STORAGE CONTAINERS"
186184,"DECORATIVE PAINTING 30.8X23.6X20.4CM WN250810",39.9,12,COLLINS,14,"16-JUN-26 05.36.01.359000 PM","HOME DECOR & TEXTILES","HOME DECOR","WallANDTable Decor"
194968,"LADLE SOUP SPOON SILICONE ZHN HR22PC-13DS",9.9,6,AKORFA,5,"16-JUN-26 05.31.07.288000 PM","HOUSEWARE & KITCHENWARE","KITCHEN TOOLS AND CULTARY","COOKING TOOL LADLES AND SERVERS"
191058,"KIVO NON-DIARY CREAMER 200G  26",11.99,GH,FH,4,"16-JUN-26 04.57.56.806000 PM",SUPERMARKET,"FOOD CUPBOARD","MILK AND CREAMERS"
191058,"KIVO NON-DIARY CREAMER 200G  26",11.99,12,COLLINS,33,"16-JUN-26 04.51.54.767000 PM",SUPERMARKET,"FOOD CUPBOARD","MILK AND CREAMERS"
191846,"MUNCHEE OAT BREEZE DIGESTIVE BISCUITS 84G  36",8.99,GH,FH,12,"16-JUN-26 05.00.07.680000 PM",SUPERMARKET,"FOOD CUPBOARD",BISCUITS
192915,"G&S HUNGRY CLASSIC VANILLA BREAD 350GMS 1",39.99,6,AKORFA,9,"16-JUN-26 05.00.28.017000 PM",SUPERMARKET,BAKERY,BREADS
192930,"AKAI QLED TV 32"" SMART LT-3234T2S2QSMT",1999,12,COLLINS,2,"16-JUN-26 05.12.29.777000 PM","ELECTRONICS & TELECOM","LED TV",OLED/QLED
192930,"AKAI QLED TV 32"" SMART LT-3234T2S2QSMT",1999,5,DAVID,2,"16-JUN-26 05.01.13.864000 PM","ELECTRONICS & TELECOM","LED TV",OLED/QLED
193003,"BOTTLE OPENER ZHN KB887",3.9,Upload_U,uploaded_excel,10,"17-JUN-26 04.45.02.708000 PM","HOUSEWARE & KITCHENWARE","CUTLERY ITEMS",OPENERS
193003,"BOTTLE OPENER ZHN KB887",3.9,Upload_U,uploaded_excel,10,"17-JUN-26 04.37.46.576000 PM","HOUSEWARE & KITCHENWARE","CUTLERY ITEMS",OPENERS
193003,"BOTTLE OPENER ZHN KB887",3.9,Upload_U,uploaded_excel,5,"17-JUN-26 04.29.26.839000 PM","HOUSEWARE & KITCHENWARE","CUTLERY ITEMS",OPENERS
193003,"BOTTLE OPENER ZHN KB887",3.9,6,AKORFA,19,"16-JUN-26 05.30.49.724000 PM","HOUSEWARE & KITCHENWARE","CUTLERY ITEMS",OPENERS
193038,"PEELER 6PCS SET ZHN HD-126",22.9,12,COLLINS,43,"16-JUN-26 05.31.21.070000 PM","HOUSEWARE & KITCHENWARE","KNIFE AND CHOPPING BOARD","VEG AND FRUIT PEELERS"
193039,"PEELER 6PCS SET ZHN HD-127",22.9,100,SUKHEN,21,"16-JUN-26 05.33.34.695000 PM","HOUSEWARE & KITCHENWARE","KNIFE AND CHOPPING BOARD","VEG AND FRUIT PEELERS"
193039,"PEELER 6PCS SET ZHN HD-127",22.9,12,COLLINS,22,"16-JUN-26 05.31.26.770000 PM","HOUSEWARE & KITCHENWARE","KNIFE AND CHOPPING BOARD","VEG AND FRUIT PEELERS"
190725,"MANICURE 6PCS SET YWU",22.9,6,AKORFA,2,"16-JUN-26 04.50.20.735000 PM","HOUSEWARE & KITCHENWARE",BATHROOM,"BATHROOM ACCESSORIES"
198989,"PLATINUM JASMINE VIETNAMESE RICE 22.5KG",499.99,12,COLLINS,2,"16-JUN-26 05.23.22.936000 PM",SUPERMARKET,"FOOD CUPBOARD","RAW RICE"
200289,"H&H MAYONNAISE 250ML 12",27.49,25,DEEPAK,20,"16-JUN-26 04.57.57.844000 PM",SUPERMARKET,"FOOD CUPBOARD","SPREADS AND TOPPING"
200308,"H&H CHICKEN LUNCHEON MEAT 198G 24",21.99,25,DEEPAK,24,"16-JUN-26 05.03.13.050000 PM",SUPERMARKET,"FOOD CUPBOARD","CANNED FOOD"
200315,"H&H BEEF LUNCHEON MEAT 198G 24",21.99,25,DEEPAK,23,"16-JUN-26 05.03.20.634000 PM",SUPERMARKET,"FOOD CUPBOARD","CANNED FOOD"
200317,"H&H BEEF LUNCHEON MEAT 340G  24",43.99,25,DEEPAK,99,"16-JUN-26 05.03.02.516000 PM",SUPERMARKET,"FOOD CUPBOARD","CANNED FOOD"
19842,"FROSTY BITE ICE CREAM CUP VANILLA 150ML 24",6.99,6,AKORFA,2,"16-JUN-26 05.21.15.469000 PM",SUPERMARKET,"FROZEN FOOD",ICE-CREAM
200613,"HUNGRY BREAD VANILLA FRUIT CAKE 300G 1",39.99,25,DEEPAK,25,"16-JUN-26 05.25.20.316000 PM",SUPERMARKET,BAKERY,BREADS
200613,"HUNGRY BREAD VANILLA FRUIT CAKE 300G 1",39.99,12,COLLINS,3,"16-JUN-26 05.23.07.979000 PM",SUPERMARKET,BAKERY,BREADS
200613,"HUNGRY BREAD VANILLA FRUIT CAKE 300G 1",39.99,5,DAVID,5,"16-JUN-26 05.20.46.909000 PM",SUPERMARKET,BAKERY,BREADS
200644,"TCL AC SPLIT 1.5HP INVERTER R32 TAC-12CSD/XA73I",4399,12,COLLINS,2,"16-JUN-26 05.13.03.877000 PM","ELECTRICAL APPLIANCES","AIR CONDITIONING","SPLIT AC"
197089,"MCBERRY WHEAT PUFFS CEREAL WITH HONEY 19G 100",2.19,GH,FH,4,"16-JUN-26 05.33.18.429000 PM",SUPERMARKET,"FOOD CUPBOARD",BISCUITS
19816,"ENERGIZER BATTERY ALKALINE AA MAX-AA 1X12 BP3-1",59.9,5,DAVID,8,"16-JUN-26 05.25.00.711000 PM","ELECTRICAL APPLIANCES",BATTERIES,BATTERY
19816,"ENERGIZER BATTERY ALKALINE AA MAX-AA 1X12 BP3-1",59.9,GH,FH,4,"16-JUN-26 05.22.28.492000 PM","ELECTRICAL APPLIANCES",BATTERIES,BATTERY
195594,"FOOD COVER METAL  6050-28",12.9,100,SUKHEN,20,"16-JUN-26 04.50.20.105000 PM","HOUSEWARE & KITCHENWARE",KITCHENWARE,"KITCHEN ACCESSORIES"
204902,"IDEAL ORIGINAL EVAPORATED MILK 165G 24",11.79,T,MANOJ,3,"16-JUN-26 05.30.11.044000 PM",SUPERMARKET,"FOOD CUPBOARD","MILK AND CREAMERS"
202517,"MONTY MOON CHIPS BANANA 25G  50",2.99,T,MANOJ,50,"16-JUN-26 05.22.16.629000 PM",SUPERMARKET,"FOOD CUPBOARD",SAVOURIES
202840,"WINE GLASS WITH DECANTER 7PCS SET G26012",119,6,AKORFA,2,"16-JUN-26 05.28.57.511000 PM","HOUSEWARE & KITCHENWARE",GLASSWARE,"GLASS / TUMBLER /WINE / CHAMPAGNE"
58151,"TOP CHOCO PURE COCOA POWDER 400G  6",99.99,12,COLLINS,9,"16-JUN-26 04.48.16.359000 PM",SUPERMARKET,BEVERAGES,COFFEE
64096,"YAZZ DUCHESS TOOTHBRUSH HARD BRISTLES  72",3.39,6,AKORFA,2,"16-JUN-26 04.56.08.482000 PM",SUPERMARKET,"HOME AND PERSONAL CARE","ORAL CARE"
64712,"CASTILLO DE LANDA CAB. SAUVIGNON WINE 12%V 750ML",69.99,100,SUKHEN,64,"16-JUN-26 05.34.25.582000 PM",SUPERMARKET,"BEVERAGES ALCOHOLIC",WINES
53555,"FROSTY BITE FANTASY STRAWBERRY 70G 30",8.99,12,COLLINS,38,"16-JUN-26 05.22.30.024000 PM",SUPERMARKET,"FROZEN FOOD",ICE-CREAM
53555,"FROSTY BITE FANTASY STRAWBERRY 70G 30",8.99,5,DAVID,7,"16-JUN-26 05.16.12.496000 PM",SUPERMARKET,"FROZEN FOOD",ICE-CREAM
65106,"FROSTY BITE FANTASY PEANUTS CRUNCH POUCH 80G 30",11.49,6,AKORFA,231,"16-JUN-26 05.21.04.203000 PM",SUPERMARKET,"FROZEN FOOD",ICE-CREAM
65188,"AKAI LED BULB 5W CDL E27 LB001A-5WE27C",19,6,AKORFA,9,"16-JUN-26 05.13.33.730000 PM","ELECTRICAL APPLIANCES","LIGHT BULBS","LED BULB"
48384,"5 STAR VANDA COOL DRINK 350ML  16",2.89,100,SUKHEN,39,"16-JUN-26 05.02.38.712000 PM",SUPERMARKET,BEVERAGES,DRINKS
60515,"VASELINE ALOE SOOTHE LOTION  400ML  48",49.99,T,MANOJ,696,"16-JUN-26 04.51.56.624000 PM",SUPERMARKET,"HOME AND PERSONAL CARE","SKIN CARE"
60783,"NIVEA COCOA BUTTER LOTION  400ML   12",79.99,T,MANOJ,63,"16-JUN-26 04.53.08.062000 PM",SUPERMARKET,"HOME AND PERSONAL CARE","SKIN CARE"
41042,"SEWING MACHINE BUTTERFLY PLASTIC BASE &COVER",1129,12,COLLINS,1,"16-JUN-26 05.26.42.604000 PM","HARDWARE & BUILDING MATERIAL","HARDWARE ITEMS","HOME UTILITY"
41042,"SEWING MACHINE BUTTERFLY PLASTIC BASE &COVER",1129,6,AKORFA,2,"16-JUN-26 05.20.21.366000 PM","HARDWARE & BUILDING MATERIAL","HARDWARE ITEMS","HOME UTILITY"
41517,"SPOON MELAMINE ZHN E002",8.9,6,AKORFA,9,"16-JUN-26 05.30.29.888000 PM","HOUSEWARE & KITCHENWARE","MELAMINE WARE","MEL MUGS AND CUPS"
49192,"POMO TOMATO PASTE (PILLOW PACK)  200G 24",10.99,25,DEEPAK,21,"16-JUN-26 05.02.15.328000 PM",SUPERMARKET,"FOOD CUPBOARD","TOMATO PASTE"
60956,"BINATONE BLENDER  W/MILL 1.5L 350W BLG402/402 MK2",669,6,AKORFA,2,"16-JUN-26 05.03.05.920000 PM","ELECTRICAL APPLIANCES","FOOD PROCESSOR/BLENDER",BLENDERS
61058,"PAPILION  2 ROLLS TOWEL  100SHEETS   12",28.99,T,MANOJ,11,"16-JUN-26 05.08.10.171000 PM",SUPERMARKET,"HOME AND PERSONAL CARE",DISPOSABLE
42442,"SWAN CUBES PURE BROWN SUGAR 500G  50",19.99,GH,FH,10,"16-JUN-26 05.34.12.010000 PM",SUPERMARKET,"FOOD CUPBOARD","SALT  SUGAR AND JAGGERY"
42442,"SWAN CUBES PURE BROWN SUGAR 500G  50",19.99,25,DEEPAK,25,"16-JUN-26 04.59.28.504000 PM",SUPERMARKET,"FOOD CUPBOARD","SALT  SUGAR AND JAGGERY"
49728,"FA  ROLL-ON CARRIBEAN LEMON 50ML  24",23.49,12,COLLINS,25,"16-JUN-26 05.20.30.364000 PM",SUPERMARKET,"HOME AND PERSONAL CARE",FRAGRANCES
55686,"FLORA TOILET ROLL (1X24)   2",96.99,6,AKORFA,2,"16-JUN-26 04.55.20.614000 PM",SUPERMARKET,"HOME AND PERSONAL CARE",DISPOSABLE
61862,"MASTERCHEF VACUUM FLAS 1.0L MC-F9001",119,12,COLLINS,71,"16-JUN-26 05.28.33.187000 PM","HOUSEWARE & KITCHENWARE",KITCHENWARE,"SALT AND PEPPER/CRUETS"
50387,"CLE FABRIC SOFTENER 500ML  12",13.49,T,MANOJ,1,"16-JUN-26 05.00.39.350000 PM",SUPERMARKET,"HOME AND PERSONAL CARE","LAUNDRY CARE"
50387,"CLE FABRIC SOFTENER 500ML  12",13.49,T,MANOJ,1,"16-JUN-26 05.00.30.561000 PM",SUPERMARKET,"HOME AND PERSONAL CARE","LAUNDRY CARE"
56622,"TRADITION FACIAL TISSUE  2PLY  150TISSUES   36",11.49,T,MANOJ,0,"16-JUN-26 05.07.38.056000 PM",SUPERMARKET,"HOME AND PERSONAL CARE",DISPOSABLE
56622,"TRADITION FACIAL TISSUE  2PLY  150TISSUES   36",11.49,T,MANOJ,1,"16-JUN-26 05.06.00.804000 PM",SUPERMARKET,"HOME AND PERSONAL CARE",DISPOSABLE
56622,"TRADITION FACIAL TISSUE  2PLY  150TISSUES   36",11.49,T,MANOJ,3,"16-JUN-26 05.05.50.018000 PM",SUPERMARKET,"HOME AND PERSONAL CARE",DISPOSABLE
56622,"TRADITION FACIAL TISSUE  2PLY  150TISSUES   36",11.49,GH,FH,5,"16-JUN-26 04.51.21.208000 PM",SUPERMARKET,"HOME AND PERSONAL CARE",DISPOSABLE
62785,"STONE DECORATION 350G MIX COLOUR",5.9,GH,FH,2,"16-JUN-26 05.26.04.753000 PM","HOME DECOR & TEXTILES","HOME DECOR","OutdoorANDIndoor Decor"
62785,"STONE DECORATION 350G MIX COLOUR",5.9,6,AKORFA,3,"16-JUN-26 05.22.34.721000 PM","HOME DECOR & TEXTILES","HOME DECOR","OutdoorANDIndoor Decor"
51039,"ENERGIZER BATTERY LITHIUM 3V ECR2032-LITHIUM",25,5,DAVID,5,"16-JUN-26 05.25.23.423000 PM","ELECTRICAL APPLIANCES",BATTERIES,BATTERY
56629,"PAPILION SHOWER GEL FRUIT THERAPY  400ML  12",27.99,5,DAVID,56,"16-JUN-26 05.08.51.305000 PM",SUPERMARKET,"HOME AND PERSONAL CARE","PERSONAL WASH"
57039,"GREENWORLD MOSQUITO COIL NON-SMOKE   60",11.99,6,AKORFA,9,"16-JUN-26 05.34.33.108000 PM",SUPERMARKET,"HOME AND PERSONAL CARE","INSECTICIDES AND RODENT CONTROL"
57039,"GREENWORLD MOSQUITO COIL NON-SMOKE   60",11.99,6,AKORFA,4,"16-JUN-26 04.46.30.678000 PM",SUPERMARKET,"HOME AND PERSONAL CARE","INSECTICIDES AND RODENT CONTROL"
57618,"ROYAL AROMA VIETNAM RICE - 25KG",499.99,GH,FH,2,"16-JUN-26 05.25.27.976000 PM",SUPERMARKET,"FOOD CUPBOARD","RAW RICE"
63990,"NIVEA MEN BODY LOTION MAXIMUM HYDRATION 400ML  12",124.99,T,MANOJ,38,"16-JUN-26 04.51.27.664000 PM",SUPERMARKET,"HOME AND PERSONAL CARE","SKIN CARE"
33580,"FROSTY BITE ICE CREAM CHOCOLATE TUB 550ML 6",22.49,12,COLLINS,33,"16-JUN-26 05.21.34.179000 PM",SUPERMARKET,"FROZEN FOOD",ICE-CREAM
33893,"EVERPACK DISPOSABLE  CUPS 250CC (50PCS X 20PK)  20",21.99,5,DAVID,36,"16-JUN-26 05.32.21.411000 PM",SUPERMARKET,"HOME AND PERSONAL CARE",DISPOSABLE
34901,"HABIBA COCOA BUTTER POMADE BS  250ML 6",27.99,T,MANOJ,10,"16-JUN-26 04.54.27.174000 PM",SUPERMARKET,"HOME AND PERSONAL CARE","SKIN CARE"
36024,"VASELINE BODY LOTION COCOGLOW 400ML",49.99,T,MANOJ,209,"16-JUN-26 04.52.04.651000 PM",SUPERMARKET,"HOME AND PERSONAL CARE","SKIN CARE"
30033,"VEGA THAI HOM MALI JASMINE RICE 5KG  5",249.99,25,DEEPAK,35,"16-JUN-26 05.01.15.079000 PM",SUPERMARKET,"FOOD CUPBOARD","RAW RICE"
36775,"FROSTY BITE ICE CREAM CHOCOLATE TUB 1800ML 1",64.99,12,COLLINS,8,"16-JUN-26 05.21.07.398000 PM",SUPERMARKET,"FROZEN FOOD",ICE-CREAM
36775,"FROSTY BITE ICE CREAM CHOCOLATE TUB 1800ML 1",64.99,5,DAVID,5,"16-JUN-26 05.15.58.406000 PM",SUPERMARKET,"FROZEN FOOD",ICE-CREAM
23061,"CUSSONS BABY POWDER (MILD & GENTLE) 200G 48",15.99,T,MANOJ,30,"16-JUN-26 04.57.31.375000 PM",SUPERMARKET,"HOME AND PERSONAL CARE","INFANT AND BABY CARE"
23065,"CUSSONS BABY SOAP (SOFT & SMOOTH) 70G 96",5.99,T,MANOJ,100,"16-JUN-26 04.57.40.284000 PM",SUPERMARKET,"HOME AND PERSONAL CARE","INFANT AND BABY CARE"
24021,"VASELINE PJ (BLUE SEAL) ORIGINAL 250ML  36",51.99,T,MANOJ,20,"16-JUN-26 04.59.44.119000 PM",SUPERMARKET,"HOME AND PERSONAL CARE","SKIN CARE"
31074,"ROYAL GALAXY WHITE SUGAR - 1KG  20",33.99,GH,FH,4,"16-JUN-26 05.33.55.024000 PM",SUPERMARKET,"FOOD CUPBOARD","SALT  SUGAR AND JAGGERY"
37640,"DEVA SURFACE CLEANER LEMON 1L   12",30.99,6,AKORFA,5,"16-JUN-26 04.45.55.066000 PM",SUPERMARKET,"HOME AND PERSONAL CARE","HOUSEHOLD CLEANERS"
25741,"LUNCH BOX POTLUCK MASTERCHEF SS+PLASTIC 3.6L",299,6,AKORFA,6,"16-JUN-26 05.28.41.287000 PM","HOUSEWARE & KITCHENWARE","STORAGE AND ORGANIZER","LUNCH BOXES TIFFINS AND FOOD FLASK"
38043,"PARIDOX ALATA SAMINA B&S GEL ALOE VERA 450ML 20",41.99,5,DAVID,98,"16-JUN-26 05.29.31.474000 PM",SUPERMARKET,"HOME AND PERSONAL CARE","PERSONAL WASH"
208749,"IDEAL ORIGINAL EVAPORATED MILK 410G 24",29.99,12,COLLINS,17,"16-JUN-26 04.47.22.874000 PM",SUPERMARKET,"FOOD CUPBOARD","MILK AND CREAMERS"
32824,"BANETTI PASTA FUSILLI 500G  20",14.99,25,DEEPAK,36,"16-JUN-26 05.01.45.586000 PM",SUPERMARKET,"FOOD CUPBOARD","NOODLES AND SOUP"
32827,"BANETTI VERMICELLI 500G  20",14.99,25,DEEPAK,25,"16-JUN-26 05.01.37.515000 PM",SUPERMARKET,"FOOD CUPBOARD","NOODLES AND SOUP"
92371,"TWO IN ONE FUN SLATE TY 210",55,6,AKORFA,64,"16-JUN-26 04.52.33.333000 PM","TOYS AND ENTERTAINMENT","LEARNING AND EDUCATIONAL TOYS","WRITING TOOLS"
90608,"CURTAIN ROD SINGLE 120-210 11051-210PC",119,100,SUKHEN,28,"16-JUN-26 04.51.20.575000 PM","HOME DECOR & TEXTILES","CURTAIN RODS","CURTAIN RODS"
90609,"CURTAIN ROD SINGLE 120-210 11062-210PG",119,6,AKORFA,8,"16-JUN-26 04.59.50.229000 PM","HOME DECOR & TEXTILES","CURTAIN RODS","CURTAIN RODS"
92726,"FRUIT BASKET 25X13CM METAL WIRE Y2018 YWU",65,GH,FH,12,"16-JUN-26 04.54.11.080000 PM","HOUSEWARE & KITCHENWARE","STORAGE AND ORGANIZER",BASKET
92726,"FRUIT BASKET 25X13CM METAL WIRE Y2018 YWU",65,6,AKORFA,2,"16-JUN-26 04.46.50.422000 PM","HOUSEWARE & KITCHENWARE","STORAGE AND ORGANIZER",BASKET
92811,"ROLLING PIN 45CM WOODEN 001 YWU",39.9,12,COLLINS,11,"16-JUN-26 05.32.00.665000 PM","HOUSEWARE & KITCHENWARE",KITCHENWARE,"KITCHEN ACCESSORIES"
85590,"PLAY & LEARN BLOCKS SETS P-1287",12.99,6,AKORFA,14,"16-JUN-26 04.52.01.822000 PM","TOYS AND ENTERTAINMENT","BLOCKS AND CONSTRUCTION SETS","STACKING AND PLUGGING TOYS"
85679,"PLASTIC CONTAINERS WITH LID 20PCS HW650 RJK",46.9,12,COLLINS,17,"16-JUN-26 05.33.05.612000 PM","HOUSEWARE & KITCHENWARE","STORAGE AND ORGANIZER","STORAGE CONTAINERS"
93193,"HAND FAN MIX DESIGNCOLOR",10.9,6,AKORFA,3,"16-JUN-26 04.51.20.662000 PM","TOYS AND ENTERTAINMENT","PARTY SUPPLIES","CELEBRATION DECOR AND ACCESSORIES"
85917,"YAZZ SANITARY PAD EXTRA LONG (9PADS)   24",17.99,5,DAVID,8,"16-JUN-26 04.47.30.105000 PM",SUPERMARKET,"HOME AND PERSONAL CARE","FEMININE CARE"
88403,"SAUCE BOTTLE 2PCS SET D8878813A YWU",9.9,GH,FH,30,"16-JUN-26 05.28.48.486000 PM","HOUSEWARE & KITCHENWARE",KITCHENWARE,"SAUCE/ VINEGAR/ BOTTLES AND SETS"
88922,"AKAI CEILING FAN 56"" EF082A-C5610WS",399,12,COLLINS,5,"16-JUN-26 05.17.16.259000 PM","ELECTRICAL APPLIANCES",FAN,"CEILING FAN"
91241,"SAIRO BATH&SHOWER GELGOLD EXCL. FRAGRANCE  750ML 8",50.99,1,KYEI,2,"16-JUN-26 04.47.32.161000 PM",SUPERMARKET,"HOME AND PERSONAL CARE","PERSONAL WASH"
91241,"SAIRO BATH&SHOWER GELGOLD EXCL. FRAGRANCE  750ML 8",50.99,1,KYEI,23,"16-JUN-26 04.46.58.233000 PM",SUPERMARKET,"HOME AND PERSONAL CARE","PERSONAL WASH"
91243,"SAIRO BABY SHAMPOO 750ML  16",25.99,T,MANOJ,2,"16-JUN-26 05.00.11.699000 PM",SUPERMARKET,"HOME AND PERSONAL CARE","INFANT AND BABY CARE"
91317,"FORTUNE DELICIOUS ALL PURPOSE MARGARINE 250G   60",10.49,25,DEEPAK,41,"16-JUN-26 05.05.42.752000 PM",SUPERMARKET,"FOOD CUPBOARD","SPREADS AND TOPPING"
83504,"JOHNSONS TOP TO TOE BABY WASH 500ML  12",58.99,T,MANOJ,5,"16-JUN-26 04.59.59.147000 PM",SUPERMARKET,"HOME AND PERSONAL CARE","INFANT AND BABY CARE"
86514,"NO 8 EXOTIC SNACKS 40G  72",1.09,T,MANOJ,10,"16-JUN-26 05.20.19.537000 PM",SUPERMARKET,"FOOD CUPBOARD",SNACKS
91551,"COLGATE MOUTH WASH PLAX PEPPERMINT 500ML 12",82.99,100,SUKHEN,3,"16-JUN-26 04.54.54.605000 PM",SUPERMARKET,"HOME AND PERSONAL CARE","ORAL CARE"
83660,"TOP CHOCO PURE COCOA POWDER  200G 12",49.99,GH,FH,5,"16-JUN-26 04.56.37.606000 PM",SUPERMARKET,BEVERAGES,"DRINKING POWDERS"
83660,"TOP CHOCO PURE COCOA POWDER  200G 12",49.99,12,COLLINS,9,"16-JUN-26 04.48.41.469000 PM",SUPERMARKET,BEVERAGES,"DRINKING POWDERS"
86785,"SCOURER 5PCS SET YWU",6.9,GH,FH,25,"16-JUN-26 04.51.43.325000 PM","HOUSEWARE & KITCHENWARE","HOME HYGIENE","BROOM BRUSHES DUSTPANS"
89587,"AKAI LED LIGHT RECHARGEABLESMD  LS005RA-600/LS025A",269,GH,FH,15,"16-JUN-26 05.12.44.110000 PM","ELECTRICAL APPLIANCES",LIGHTING/LAMPS,"TORCH/ LANTERN"
83786,"BEKO WASHING MACHINE FL 7KG SILVER BAW 385",8749,GH,FH,1,"16-JUN-26 05.03.05.872000 PM","ELECTRICAL APPLIANCES","WASHING MACHINE","FRONT LOAD WM"
89802,"JIK BLEACH ORIGINAL 950ML   12",31.99,GH,FH,6,"16-JUN-26 04.56.04.124000 PM",SUPERMARKET,"HOME AND PERSONAL CARE","HOUSEHOLD CLEANERS"
89802,"JIK BLEACH ORIGINAL 950ML   12",31.99,GH,FH,12,"16-JUN-26 04.55.50.684000 PM",SUPERMARKET,"HOME AND PERSONAL CARE","HOUSEHOLD CLEANERS"
89802,"JIK BLEACH ORIGINAL 950ML   12",31.99,GH,FH,8,"16-JUN-26 04.55.29.885000 PM",SUPERMARKET,"HOME AND PERSONAL CARE","HOUSEHOLD CLEANERS"
91774,"INDOMIE ONION CHICKEN BELLE FU NOODLES 280G 18",18.59,12,COLLINS,22,"16-JUN-26 04.55.56.229000 PM",SUPERMARKET,"FOOD CUPBOARD","NOODLES AND SOUP"
83925,"TOP CHOCO ON -THE -GO 80G 24",9.99,25,DEEPAK,49,"16-JUN-26 04.59.11.384000 PM",SUPERMARKET,"FOOD CUPBOARD",CONFECTIONERY
89866,"SHINE FACIAL TISSUE LARGE (150PCS)  36",12.99,T,MANOJ,2,"16-JUN-26 05.05.42.266000 PM",SUPERMARKET,"HOME AND PERSONAL CARE",DISPOSABLE
89866,"SHINE FACIAL TISSUE LARGE (150PCS)  36",12.99,33,EKD,1,"16-JUN-26 04.45.57.731000 PM",SUPERMARKET,"HOME AND PERSONAL CARE",DISPOSABLE
89868,"SHINE FACIAL TISSUE BOUTIQUE (100PCS)  36",10.99,T,MANOJ,2,"16-JUN-26 05.05.28.130000 PM",SUPERMARKET,"HOME AND PERSONAL CARE",DISPOSABLE
89868,"SHINE FACIAL TISSUE BOUTIQUE (100PCS)  36",10.99,T,MANOJ,1,"16-JUN-26 05.05.12.553000 PM",SUPERMARKET,"HOME AND PERSONAL CARE",DISPOSABLE
87297,"BINATONE SANDWICH MAKER 2 SLICE ST-801",445,5,DAVID,5,"16-JUN-26 05.17.36.031000 PM","ELECTRICAL APPLIANCES","SANDWICH MAKER","2 SLICE SANDWICH MAKER"
89988,"PICCADILLY GEM WORKERS PACK ( 1X4 ) 1KG  4",70.99,T,MANOJ,3,"16-JUN-26 05.17.07.020000 PM",SUPERMARKET,"FOOD CUPBOARD",BISCUITS
90117,"HAND MIRROR WHANDLE YWU",29.9,12,COLLINS,22,"16-JUN-26 05.34.33.632000 PM","HOUSEWARE & KITCHENWARE",BATHROOM,"BATHROOM ACCESSORIES"
84633,"COAT STAND METAL YWU",119,GH,FH,2,"16-JUN-26 05.14.54.182000 PM","HOUSEWARE & KITCHENWARE",LAUNDARY,"CLOTH DRYER"
84633,"COAT STAND METAL YWU",119,6,AKORFA,12,"16-JUN-26 05.14.05.877000 PM","HOUSEWARE & KITCHENWARE",LAUNDARY,"CLOTH DRYER"
92276,"AIRPORT CHAIR 3SEATER 180X66X79CM B503",1490,6,AKORFA,1,"16-JUN-26 05.04.07.944000 PM",FURNITURE,"OFFICE  STUDY AND COMPUTER TABLES AND BOOKCASE","CHAIRS OFFICE AND STUDY"
84938,"PLASTIC KNIFE  50PCS",8.99,12,COLLINS,23,"16-JUN-26 05.30.46.555000 PM",SUPERMARKET,"HOME AND PERSONAL CARE",DISPOSABLE
68488,"BARON DE FRANC MEDIUM SWEET RED WINE 750ML  6",72.99,100,SUKHEN,41,"16-JUN-26 05.33.59.503000 PM",SUPERMARKET,"BEVERAGES ALCOHOLIC",WINES
82055,"CASTILLO REAL TINTO WINE 1L  12",47.99,100,SUKHEN,2,"16-JUN-26 05.34.35.883000 PM",SUPERMARKET,"BEVERAGES ALCOHOLIC",WINES
72676,"DEVA SCOURING POWDER LIME 500GMS * 24",24.99,6,AKORFA,9,"16-JUN-26 04.46.13.647000 PM",SUPERMARKET,"HOME AND PERSONAL CARE","HOUSEHOLD CLEANERS"
72787,"HEAVEN NAPHTHALENE BALL (CANFA) 150G  120",10.99,6,AKORFA,2,"16-JUN-26 05.34.16.979000 PM",SUPERMARKET,"HOME AND PERSONAL CARE","INSECTICIDES AND RODENT CONTROL"
72788,"HEAVEN MOSQUITO COILS 60 PACKETS",19.99,GH,FH,7,"16-JUN-26 04.53.58.917000 PM",SUPERMARKET,"HOME AND PERSONAL CARE","INSECTICIDES AND RODENT CONTROL"
72789,"MEANNAN GARI 1K 12",25.99,GH,FH,5,"16-JUN-26 05.33.31.341000 PM",SUPERMARKET,"FOOD CUPBOARD",FLOURS
77928,"24PCS BIRTHDAY CANDLE",4.9,6,AKORFA,15,"16-JUN-26 05.22.52.457000 PM","TOYS AND ENTERTAINMENT","PARTY SUPPLIES","CANDLES AND CANDLE STAND"
69470,"CADBURY HOT CHOCO DRINK 3IN1 360G  8",44.99,12,COLLINS,17,"16-JUN-26 04.49.24.958000 PM",SUPERMARKET,BEVERAGES,"DRINKING POWDERS"
78281,"BINATONE BLENDER W/MILL 1.5L 500W BLG595/BLG595MK2",839,12,COLLINS,2,"16-JUN-26 05.16.22.925000 PM","ELECTRICAL APPLIANCES","FOOD PROCESSOR/BLENDER",BLENDERS
78483,"BABY POTTY VOLK DESIGN BLUE/PINK  N305",69,6,AKORFA,2,"16-JUN-26 04.48.35.237000 PM","HOUSEWARE & KITCHENWARE",BATHROOM,"BATHROOM TOILET SEAT / BABY POTTY BATH TUB"
69807,"SHINE FAMILY DELUXE NAPKINS (30PKX50PCS)  30",11.49,T,MANOJ,10,"16-JUN-26 05.04.48.565000 PM",SUPERMARKET,"HOME AND PERSONAL CARE",DISPOSABLE
78798,"CHOPPING BOARD 22X32X13CM BAMBOO YWU",24.9,100,SUKHEN,25,"16-JUN-26 05.33.11.216000 PM","HOUSEWARE & KITCHENWARE","KNIFE AND CHOPPING BOARD","CHOPPING BOARDS AND CHOPPERS"
78798,"CHOPPING BOARD 22X32X13CM BAMBOO YWU",24.9,T,MANOJ,1,"16-JUN-26 05.11.53.666000 PM","HOUSEWARE & KITCHENWARE","KNIFE AND CHOPPING BOARD","CHOPPING BOARDS AND CHOPPERS"
78798,"CHOPPING BOARD 22X32X13CM BAMBOO YWU",24.9,100,SUKHEN,1,"16-JUN-26 04.53.33.101000 PM","HOUSEWARE & KITCHENWARE","KNIFE AND CHOPPING BOARD","CHOPPING BOARDS AND CHOPPERS"
69992,"DOLAIT YOGHURT NATURE 500G 1",35.99,6,AKORFA,5,"16-JUN-26 05.23.23.970000 PM",SUPERMARKET,"FRESH DAIRY AND EGGS",Yoghurt
74487,"UMBRELLA 3 FOLD B",75,5,DAVID,8,"16-JUN-26 05.26.15.635000 PM","HOME DECOR & TEXTILES","HOME DECOR",XMAS
65904,"SUNNY GOLD TOM BROWN BOTTLE 1KG 6",70.99,GH,FH,5,"16-JUN-26 05.33.45.423000 PM",SUPERMARKET,"FOOD CUPBOARD","BREAKFAST CEREALS"
74900,"VOLTPLUS UNIVERSAL ADAPTOR W/BS PLUG VP-UA134",109,6,AKORFA,98,"16-JUN-26 05.01.12.823000 PM","ELECTRICAL APPLIANCES",ELECTRICALS,"ELE ACCESSORIES"
66683,"EVP COLORED DISPO. 2LAYER CUPS 500CC(50PX20)  20",46.99,T,MANOJ,50,"16-JUN-26 05.10.55.063000 PM",SUPERMARKET,"HOME AND PERSONAL CARE",DISPOSABLE
80162,"TISSUE HOLDER SUCTION R5080 RJK",79,Upload_U,uploaded_excel,34343,"17-JUN-26 04.45.02.718000 PM","HOUSEWARE & KITCHENWARE",BATHROOM,"BATHROOM SHELF RACKS HOLDERS"
80162,"TISSUE HOLDER SUCTION R5080 RJK",79,Upload_U,uploaded_excel,34343,"17-JUN-26 04.45.02.708000 PM","HOUSEWARE & KITCHENWARE",BATHROOM,"BATHROOM SHELF RACKS HOLDERS"
80162,"TISSUE HOLDER SUCTION R5080 RJK",79,Upload_U,uploaded_excel,68686,"17-JUN-26 04.37.46.576000 PM","HOUSEWARE & KITCHENWARE",BATHROOM,"BATHROOM SHELF RACKS HOLDERS"
80162,"TISSUE HOLDER SUCTION R5080 RJK",79,Upload_U,uploaded_excel,34343,"17-JUN-26 04.29.26.841000 PM","HOUSEWARE & KITCHENWARE",BATHROOM,"BATHROOM SHELF RACKS HOLDERS"
80162,"TISSUE HOLDER SUCTION R5080 RJK",79,6,AKORFA,14,"16-JUN-26 04.49.42.290000 PM","HOUSEWARE & KITCHENWARE",BATHROOM,"BATHROOM SHELF RACKS HOLDERS"
75626,"WHYTEHALL HONEY WHISKY  1L  12",117.99,100,SUKHEN,24,"16-JUN-26 05.34.57.708000 PM",SUPERMARKET,"BEVERAGES ALCOHOLIC",WHISKEY
71863,"BIC FLEX 3 COMFORT STICK 3BLADE ( 3 BLISTER )   10",95.99,6,AKORFA,8,"16-JUN-26 04.57.20.639000 PM",SUPERMARKET,"HOME AND PERSONAL CARE","FEMININE CARE"
76088,"TOP CHOCO CHOCOLATE SPREAD 150G  24",14.49,GH,FH,6,"16-JUN-26 05.32.23.380000 PM",SUPERMARKET,"FOOD CUPBOARD","SPREADS AND TOPPING"
81328,"TASTY TOM TOMATO MIX SACHET 200G  24",10.99,12,COLLINS,5,"16-JUN-26 04.56.30.823000 PM",SUPERMARKET,"FOOD CUPBOARD",CONDIMENTS
67728,"PEPSODENT TRIPLE ACTION TOOTH PASTE 140G 72",22.99,6,AKORFA,5,"16-JUN-26 04.55.59.617000 PM",SUPERMARKET,"HOME AND PERSONAL CARE","ORAL CARE"
67999,"EVP COFFEE CUP CLEAR 80CC SINGLE LAYER (20X100) 20",13.49,T,MANOJ,3,"16-JUN-26 05.11.17.288000 PM",SUPERMARKET,"HOME AND PERSONAL CARE",DISPOSABLE
72093,"4"" MATTRESS  27X72INCH HD STUDENT2 LAT",399,5,DAVID,2,"16-JUN-26 05.16.41.164000 PM",FURNITURE,MATTRESS,"Student Size"
X141,"IMPERIAL LEATHER CLASSIC BAR  SOAP  200G 36",16.99,5,DAVID,25,"16-JUN-26 05.28.56.441000 PM",SUPERMARKET,"HOME AND PERSONAL CARE","PERSONAL WASH"
X429,"IDEAL ORIGINAL EVAPORATED MILK 150G 24",10.89,GH,FH,50,"16-JUN-26 05.34.31.987000 PM",SUPERMARKET,"FOOD CUPBOARD","MILK AND CREAMERS"
X435,"NAN 1 OPTIPRO 400G 12",139.99,6,AKORFA,9,"16-JUN-26 04.55.27.580000 PM",SUPERMARKET,"FOOD CUPBOARD","BABY FOOD"
X443,"NESTLE CERELAC RICE TIN 400G 12",50.99,GH,FH,15,"16-JUN-26 05.35.13.366000 PM",SUPERMARKET,"FOOD CUPBOARD","BABY FOOD"
X443,"NESTLE CERELAC RICE TIN 400G 12",50.99,T,MANOJ,50,"16-JUN-26 05.28.39.320000 PM",SUPERMARKET,"FOOD CUPBOARD","BABY FOOD"
X443,"NESTLE CERELAC RICE TIN 400G 12",50.99,25,DEEPAK,56,"16-JUN-26 04.59.45.639000 PM",SUPERMARKET,"FOOD CUPBOARD","BABY FOOD"
H0073,"L-ARTISAN BANANA COOKIES 80GM",11.99,GH,FH,2,"16-JUN-26 05.20.05.990000 PM",SUPERMARKET,BAKERY,"BANANA COOKIES"
X446,"NESCAFE CLASSIC 50G 48",58.99,GH,FH,10,"16-JUN-26 05.34.41.317000 PM",SUPERMARKET,BEVERAGES,COFFEE
X446,"NESCAFE CLASSIC 50G 48",58.99,T,MANOJ,3,"16-JUN-26 05.30.27.566000 PM",SUPERMARKET,BEVERAGES,COFFEE
X452,"MILO ACTIGEN TIN 400G 12",57.99,T,MANOJ,7,"16-JUN-26 05.29.36.669000 PM",SUPERMARKET,BEVERAGES,"DRINKING POWDERS"
X452,"MILO ACTIGEN TIN 400G 12",57.99,12,COLLINS,10,"16-JUN-26 04.46.42.334000 PM",SUPERMARKET,BEVERAGES,"DRINKING POWDERS"
X459,"BLUE BAND MARGARINE ORIGINAL 250G 24",21.49,GH,FH,24,"16-JUN-26 05.32.57.500000 PM",SUPERMARKET,"FOOD CUPBOARD","SPREADS AND TOPPING"
X472,"IDEAL ORIGINAL EVAPORATED MILK 370G 24",26.99,T,MANOJ,6,"16-JUN-26 05.30.00.463000 PM",SUPERMARKET,"FOOD CUPBOARD","MILK AND CREAMERS"
X498,"MCVITIES SHORTBREAD 100G 24",25.99,6,AKORFA,35,"16-JUN-26 05.21.35.983000 PM",SUPERMARKET,"FOOD CUPBOARD",BISCUITS
X582,"PEAK FULL CREAM EVAPORATED MILK 160G  48",15.99,6,AKORFA,5,"16-JUN-26 04.58.19.414000 PM",SUPERMARKET,"FOOD CUPBOARD","MILK AND CREAMERS"
X712,"DON SIMON SANGRIA TETRA PACK 1L 12",43.99,100,SUKHEN,49,"16-JUN-26 05.34.42.880000 PM",SUPERMARKET,BEVERAGES,JUICE
X722,"PRINGLES PAPRIKA 40G   12",19.99,GH,FH,15,"16-JUN-26 05.22.18.064000 PM",SUPERMARKET,"FOOD CUPBOARD",SNACKS
D570,"HUNTERS GOLD CIDER BOTTLE 330ML 24",24.99,6,AKORFA,9,"16-JUN-26 05.23.47.337000 PM",SUPERMARKET,"BEVERAGES ALCOHOLIC",CIDER
D635,"BINE DISINFECTANT 0.5L  25",15.99,GH,FH,15,"16-JUN-26 04.53.33.817000 PM",SUPERMARKET,"HOME AND PERSONAL CARE","HOUSEHOLD CLEANERS"
H801,"BANQUET CHAIR CY02/SF1013-1 MAR",579,12,COLLINS,4,"16-JUN-26 05.18.03.832000 PM",FURNITURE,"BAR AND HOTEL","Banquet Chairs"
H801,"BANQUET CHAIR CY02/SF1013-1 MAR",579,GH,FH,2,"16-JUN-26 05.05.23.096000 PM",FURNITURE,"BAR AND HOTEL","Banquet Chairs"
H801,"BANQUET CHAIR CY02/SF1013-1 MAR",579,GH,FH,4,"16-JUN-26 05.03.50.352000 PM",FURNITURE,"BAR AND HOTEL","Banquet Chairs"
K402,"SS KNIFE DESERT4P1761261 48A",9.9,12,COLLINS,2,"16-JUN-26 05.29.16.627000 PM","HOUSEWARE & KITCHENWARE","CUTLERY ITEMS","SPOONS FORKS KNIFE AND CUTLERY SET"
K402,"SS KNIFE DESERT4P1761261 48A",9.9,T,MANOJ,5,"16-JUN-26 05.12.06.892000 PM","HOUSEWARE & KITCHENWARE","CUTLERY ITEMS","SPOONS FORKS KNIFE AND CUTLERY SET"
X890,"DETTOL ANTISEPTIC LIQUID 500ML   24",65.99,1,KYEI,50,"16-JUN-26 04.46.22.267000 PM",SUPERMARKET,"HOME AND PERSONAL CARE","HEALTH AND WELLNESS"
D636,"HEINZ SALAD CREAM 285G 12",44.99,GH,FH,24,"16-JUN-26 05.32.18.100000 PM",SUPERMARKET,"FOOD CUPBOARD","SPREADS AND TOPPING"
D636,"HEINZ SALAD CREAM 285G 12",44.99,25,DEEPAK,32,"16-JUN-26 04.57.46.840000 PM",SUPERMARKET,"FOOD CUPBOARD","SPREADS AND TOPPING"
X936,"LAUGHING COW LAVACHE QUIRIT CHEESE  8PCS 112G 36",28.99,GH,FH,50,"16-JUN-26 05.32.50.472000 PM",SUPERMARKET,"FRESH DAIRY AND EGGS",cheeses
D997,"MALTA GUINNESS CAN 330ML 24",12.99,12,COLLINS,3,"16-JUN-26 05.00.03.981000 PM",SUPERMARKET,BEVERAGES,DRINKS
D997,"MALTA GUINNESS CAN 330ML 24",12.99,6,AKORFA,39,"16-JUN-26 04.56.40.241000 PM",SUPERMARKET,BEVERAGES,DRINKS
N479,"NUTELLA CHOCOLATE SPREAD 350G 15",104.99,GH,FH,17,"16-JUN-26 05.32.28.988000 PM",SUPERMARKET,"FOOD CUPBOARD","SPREADS AND TOPPING"
N479,"NUTELLA CHOCOLATE SPREAD 350G 15",104.99,25,DEEPAK,25,"16-JUN-26 04.58.55.053000 PM",SUPERMARKET,"FOOD CUPBOARD","SPREADS AND TOPPING"
N485,"MENTOS ICE GUM PEPPERMINT 11.4G  288",8.49,6,AKORFA,35,"16-JUN-26 05.21.41.588000 PM",SUPERMARKET,"FOOD CUPBOARD",CONFECTIONERY
N636,"PAPER NAPKIN / KITCHEN TOWEL EVERPACK M/S  6",21.99,T,MANOJ,20,"16-JUN-26 05.08.45.440000 PM",SUPERMARKET,"HOME AND PERSONAL CARE",DISPOSABLE
N636,"PAPER NAPKIN / KITCHEN TOWEL EVERPACK M/S  6",21.99,T,MANOJ,1,"16-JUN-26 05.08.31.922000 PM",SUPERMARKET,"HOME AND PERSONAL CARE",DISPOSABLE
N857,"CUSSONS BABY SOAP MILD &GENTLE 70G 96",5.99,T,MANOJ,100,"16-JUN-26 04.57.56.795000 PM",SUPERMARKET,"HOME AND PERSONAL CARE","INFANT AND BABY CARE"
N925,"PRINGLES HOT & SPICY  165G  19",44.99,5,DAVID,5,"16-JUN-26 05.24.44.781000 PM",SUPERMARKET,"FOOD CUPBOARD",SNACKS
98539,"GETTOL ANTISEPTIC LEMON 250ML  24",18.99,1,KYEI,23,"16-JUN-26 04.46.38.506000 PM",SUPERMARKET,"HOME AND PERSONAL CARE","HEALTH AND WELLNESS"
CL152,"BUCKET WITH LID 25LTR 38CMX39CM",59,GH,FH,5,"16-JUN-26 05.29.57.519000 PM","HOUSEWARE & KITCHENWARE",LAUNDARY,"BUCKETS AND BASINS"
CL214,"BOWL ODO 400ML 14CMX4CM",1.5,6,AKORFA,38,"16-JUN-26 05.31.35.436000 PM","HOUSEWARE & KITCHENWARE",SERVEWARE,"SERVING BOWL"
CL542,"BOWL ETO 3000ML 28CMX9CM",7.9,6,AKORFA,5,"16-JUN-26 04.47.44.838000 PM","HOUSEWARE & KITCHENWARE",SERVEWARE,"SERVING BOWL"
96815,"NO 8 CHOCOLATE SNACK 30G  72",.69,T,MANOJ,10,"16-JUN-26 05.20.14.587000 PM",SUPERMARKET,"FOOD CUPBOARD",SNACKS
98541,"GETTOL ANTISEPTIC LEMON 500ML  24",33.99,5,DAVID,-300,"16-JUN-26 05.08.06.975000 PM",SUPERMARKET,"HOME AND PERSONAL CARE","HEALTH AND WELLNESS"
CL571,"CONTAINERS FANCY WITH LID 2500ML 26CMX18CMX8CM",13.3,GH,FH,55,"16-JUN-26 05.30.07.274000 PM","HOUSEWARE & KITCHENWARE","STORAGE AND ORGANIZER","STORAGE CONTAINERS"
CL606,"MIXING BOWL LARGE 30CMX27CMX14CM",19.9,6,AKORFA,3,"16-JUN-26 04.46.40.969000 PM","HOUSEWARE & KITCHENWARE",SERVEWARE,"SERVING BOWL"
CL608,"BUCKET WITH LID 15LTR 32CMX32CM",34.9,100,SUKHEN,1,"16-JUN-26 04.56.53.151000 PM","HOUSEWARE & KITCHENWARE",LAUNDARY,"BUCKETS AND BASINS"
CL622,"FRIDGE BOTTLE 650ML ROUND 7CMX18CM",8.9,6,AKORFA,32,"16-JUN-26 05.34.08.362000 PM","HOUSEWARE & KITCHENWARE","FLASK AND BOTTLES",BOTTLE
98800,"IDEAL ORIGINAL EVAPORATED MILK 29G  10 X 18",32.99,12,COLLINS,11,"16-JUN-26 04.54.42.861000 PM",SUPERMARKET,"FOOD CUPBOARD","DRINKING POWDER"
CL704,"QUEEN OF CASSEROLE 2PCS SET PLASTIC 850ML 1350ML",38.9,T,MANOJ,2,"16-JUN-26 05.13.38.202000 PM","HOUSEWARE & KITCHENWARE",SERVEWARE,CASSEROLES
CL725,"DRUM WITH LID 40LTR 38CMX55CM",95,12,COLLINS,6,"16-JUN-26 05.35.13.265000 PM","HOUSEWARE & KITCHENWARE","HOUSE HOLD PRODUCTS","STORAGE DRUMS"
99072,"BARBEQUE UNIT ROUND WDOME TOP 56CM 2020B180 YWU",1199,12,COLLINS,6,"16-JUN-26 05.23.43.798000 PM","HOUSEWARE & KITCHENWARE",KITCHENWARE,"BBQ AND ACCESSORIES"
99072,"BARBEQUE UNIT ROUND WDOME TOP 56CM 2020B180 YWU",1199,5,DAVID,5,"16-JUN-26 05.22.57.700000 PM","HOUSEWARE & KITCHENWARE",KITCHENWARE,"BBQ AND ACCESSORIES"
99072,"BARBEQUE UNIT ROUND WDOME TOP 56CM 2020B180 YWU",1199,12,COLLINS,5,"16-JUN-26 05.19.17.179000 PM","HOUSEWARE & KITCHENWARE",KITCHENWARE,"BBQ AND ACCESSORIES"
99072,"BARBEQUE UNIT ROUND WDOME TOP 56CM 2020B180 YWU",1199,GH,FH,5,"16-JUN-26 05.08.27.261000 PM","HOUSEWARE & KITCHENWARE",KITCHENWARE,"BBQ AND ACCESSORIES"
CL781,"FOOD FLASK 2500ML",39.9,6,AKORFA,3,"16-JUN-26 05.35.48.219000 PM","HOUSEWARE & KITCHENWARE",SERVEWARE,CASSEROLES
95700,"AMALFI BABY SHAM.BABY ARGAN INTENSE SHINE 750ML 16",32.99,T,MANOJ,6,"16-JUN-26 05.00.20.407000 PM",SUPERMARKET,"HOME AND PERSONAL CARE","HAIR CARE"
95706,"AMALFI  SHAMPOO  APPLE 400ML  10",24.99,T,MANOJ,8,"16-JUN-26 04.56.31.850000 PM",SUPERMARKET,"HOME AND PERSONAL CARE","HAIR CARE"
95730,"AMALFI  SHAMPOO FAMILIAR ALOE  750ML  16",32.99,T,MANOJ,17,"16-JUN-26 04.56.46.852000 PM",SUPERMARKET,"HOME AND PERSONAL CARE","HAIR CARE"
95761,"AMALFI SHAMPOO KERATIN ANTI DANDRUFF SPA 750ML  16",32.99,T,MANOJ,10,"16-JUN-26 04.57.10.632000 PM",SUPERMARKET,"HOME AND PERSONAL CARE","HAIR CARE"
93895,"AVIOS BAKING TRAY RECTANGLE 10L AVSBT1 RJK",39.9,6,AKORFA,4,"16-JUN-26 05.29.47.563000 PM","HOUSEWARE & KITCHENWARE",BAKEWARE,"BAKING TRAY"
94163,"SATNAM PERFUMED INSECT REPELLANT LEMON 141.7GMS",18.99,GH,FH,5,"16-JUN-26 04.53.47.110000 PM",SUPERMARKET,"HOME AND PERSONAL CARE","INSECTICIDES AND RODENT CONTROL"
94163,"SATNAM PERFUMED INSECT REPELLANT LEMON 141.7GMS",18.99,6,AKORFA,8,"16-JUN-26 04.46.04.232000 PM",SUPERMARKET,"HOME AND PERSONAL CARE","INSECTICIDES AND RODENT CONTROL"
94194,"GRATER WCONTAINER ROUND 24CM Y1588928 YWU",19.9,T,MANOJ,11,"16-JUN-26 05.11.43.581000 PM","HOUSEWARE & KITCHENWARE","KNIFE AND CHOPPING BOARD",GRATER
99716,"STYLE UP BODY LOTION 265ML  6",16.99,T,MANOJ,2,"16-JUN-26 04.53.29.775000 PM",SUPERMARKET,"HOME AND PERSONAL CARE","SKIN CARE"
99721,"SOLDIER MENTHOLATED BALM 60ML  6",15.49,5,DAVID,5,"16-JUN-26 05.26.37.019000 PM",SUPERMARKET,"HOME AND PERSONAL CARE","HEALTH AND WELLNESS"
99770,"BO-16 HAIR FOOD YELLOW 225ML  4",27.99,T,MANOJ,4,"16-JUN-26 04.55.15.344000 PM",SUPERMARKET,"HOME AND PERSONAL CARE","HAIR CARE"
94237,"MADAR DETERGENT BAR BLUE 115G  48",4.49,6,AKORFA,5,"16-JUN-26 04.44.54.734000 PM",SUPERMARKET,"HOME AND PERSONAL CARE","LAUNDRY CARE"
96521,"MADAR ZONE BLEACH 500ML  12",12.99,Upload_U,uploaded_excel,16,"17-JUN-26 04.45.02.708000 PM",SUPERMARKET,"HOME AND PERSONAL CARE","HOUSEHOLD CLEANERS"
96521,"MADAR ZONE BLEACH 500ML  12",12.99,Upload_U,uploaded_excel,16,"17-JUN-26 04.37.46.576000 PM",SUPERMARKET,"HOME AND PERSONAL CARE","HOUSEHOLD CLEANERS"
96521,"MADAR ZONE BLEACH 500ML  12",12.99,Upload_U,uploaded_excel,8,"17-JUN-26 04.29.26.834000 PM",SUPERMARKET,"HOME AND PERSONAL CARE","HOUSEHOLD CLEANERS"
96521,"MADAR ZONE BLEACH 500ML  12",12.99,Upload_U,uploaded_excel,8,"17-JUN-26 04.04.57.527000 PM",SUPERMARKET,"HOME AND PERSONAL CARE","HOUSEHOLD CLEANERS"
96521,"MADAR ZONE BLEACH 500ML  12",12.99,6,AKORFA,8,"16-JUN-26 04.45.43.382000 PM",SUPERMARKET,"HOME AND PERSONAL CARE","HOUSEHOLD CLEANERS"
